{"info":{"_postman_id":"1a038c85-7254-47b8-978f-6a79ad29e5f3","name":"linsame - 用户中心 -11.28 （Local）","schema":"https://schema.getpostman.com/json/collection/v2.1.0/collection.json"},"item":[{"name":"localhost:4000/user/user-info/{userId} 通过id查询用户详情信息","id":"7ba7ef20-36d4-4b6d-a385-8539aeafba41","protocolProfileBehavior":{"disableBodyPruning":true},"request":{"method":"GET","header":[],"url":{"raw":"localhost:4000/user/user-info/2","host":["localhost"],"port":"4000","path":["user","user-info","2"]}},"response":[]},{"name":"localhost:4000/user","id":"a46f54f3-b782-40ca-901a-ad9719f80da5","protocolProfileBehavior":{"disableBodyPruning":true},"request":{"method":"POST","header":[{"key":"Content-Type","name":"Content-Type","value":"application/json","type":"text"}],"body":{"mode":"raw","raw":""},"url":{"raw":"localhost:4000/user","host":["localhost"],"port":"4000","path":["user"]}},"response":[]},{"name":"localhost:4000/user","id":"f267c236-4b73-4ac6-8f2d-a1553ed98e21","protocolProfileBehavior":{"disableBodyPruning":true},"request":{"method":"PUT","header":[{"key":"Content-Type","name":"Content-Type","value":"application/json","type":"text"}],"body":{"mode":"raw","raw":""},"url":{"raw":"localhost:4000/user","host":["localhost"],"port":"4000","path":["user"]}},"response":[]},{"name":"localhost:4000/user/password 修改密码(修完清token)","id":"8df303db-b0a4-49ab-b003-a8bb5854558c","protocolProfileBehavior":{"disableBodyPruning":true},"request":{"method":"PUT","header":[{"key":"Content-Type","name":"Content-Type","value":"application/json","type":"text"},{"key":"Authorization","value":"Bearer e5170433-a570-4114-b946-072fdfa82521","type":"text"}],"body":{"mode":"raw","raw":""},"url":{"raw":"localhost:4000/user/password","host":["localhost"],"port":"4000","path":["user","password"]}},"response":[]},{"name":"localhost:4000/user/status","id":"c9e36bf8-5af0-4106-849b-48242ceefb2c","protocolProfileBehavior":{"disableBodyPruning":true},"request":{"method":"PUT","header":[{"key":"Content-Type","value":"application/json","type":"text"}],"body":{"mode":"raw","raw":""},"url":{"raw":"localhost:4000/user/status","host":["localhost"],"port":"4000","path":["user","status"]}},"response":[]},{"name":"localhost:4000/user/12","id":"c23b5bb6-1cd4-4740-9f07-a239aa88cab1","protocolProfileBehavior":{"disableBodyPruning":true},"request":{"method":"DELETE","header":[],"url":{"raw":"localhost:4000/user/19","host":["localhost"],"port":"4000","path":["user","19"]}},"response":[]},{"name":"localhost:4000/user/user-lists 查询用户列表","id":"d164cc63-f2e8-49a0-9c2c-c2d228a1d246","protocolProfileBehavior":{"disableBodyPruning":true},"request":{"method":"GET","header":[],"url":{"raw":"localhost:4000/user/user-lists","host":["localhost"],"port":"4000","path":["user","user-lists"]}},"response":[]},{"name":"localhost:4000/user/page?current=1&size=5 用户信息分页查询","id":"0c9f49cd-87d4-4587-aa78-7805ac3c7eb3","protocolProfileBehavior":{"disableBodyPruning":true},"request":{"method":"GET","header":[{"key":"Authorization","type":"text","value":"Bearer a04ec762-63fb-46d3-9e50-3d1fcd9b8f5c"},{"key":"Content-Type","name":"Content-Type","type":"text","value":"application/x-www-form-urlencoded","disabled":true}],"body":{"mode":"raw","raw":""},"url":{"raw":"localhost:4000/user/page?current=1&size=20","host":["localhost"],"port":"4000","path":["user","page"],"query":[{"key":"current","value":"1"},{"key":"size","value":"20"},{"key":"tenantId","value":"1","disabled":true},{"key":"projectId","value":"1","disabled":true},{"key":"name","value":"二牛","disabled":true}]}},"response":[]},{"name":"localhost:4000/user/last-tenant/{userId} 通过用户id查询对应租户下的用户信息列表","id":"00d4f567-ffd3-4c1f-995b-a6ee25c99a05","protocolProfileBehavior":{"disableBodyPruning":true},"request":{"method":"GET","header":[],"url":{"raw":"localhost:4000/user/last-tenant/1","host":["localhost"],"port":"4000","path":["user","last-tenant","1"]}},"response":[]},{"name":"localhost:4000/user/project-info/{userId} 通过用户id查询该用户上级租户信息","id":"d02c52d9-469f-4286-abbb-8d9e2b6fd51e","protocolProfileBehavior":{"disableBodyPruning":true},"request":{"method":"GET","header":[],"url":{"raw":"localhost:4000/user/project-info/5","host":["localhost"],"port":"4000","path":["user","project-info","5"]}},"response":[]},{"name":"localhost:4000/user/role-list/{userId}","id":"ca731b8e-7d7d-41e3-94e0-1d0f68573a90","protocolProfileBehavior":{"disableBodyPruning":true},"request":{"method":"GET","header":[],"url":{"raw":"localhost:4000/user/role-list/3","host":["localhost"],"port":"4000","path":["user","role-list","3"]}},"response":[]},{"name":"localhost:4000/user/user-list/{projectId}","id":"50c8ad83-ae08-4c33-8b1b-8ec20a2e3544","protocolProfileBehavior":{"disableBodyPruning":true},"request":{"method":"GET","header":[],"url":{"raw":"localhost:4000/user/user-list/1","host":["localhost"],"port":"4000","path":["user","user-list","1"]}},"response":[]},{"name":"localhost:4000/user/user-lists/{tenantId}","id":"bf4e439c-a457-4eea-b0f3-29784dd0a82b","protocolProfileBehavior":{"disableBodyPruning":true},"request":{"method":"GET","header":[{"key":"Content-Type","name":"Content-Type","value":"application/json","type":"text"}],"body":{"mode":"raw","raw":""},"url":{"raw":"localhost:4000/user/user-lists/2","host":["localhost"],"port":"4000","path":["user","user-lists","2"],"query":[{"key":"queryName","value":"枪","disabled":true}]}},"response":[]},{"name":"localhost:4000/user/user-lists/{tenantId} 查询tenantId下的所有用户","id":"fefdd1d4-b98f-405f-903f-4bcd31f4272e","protocolProfileBehavior":{"disableBodyPruning":true},"request":{"method":"GET","header":[],"url":{"raw":"localhost:4000/user/user-lists","host":["localhost"],"port":"4000","path":["user","user-lists"]}},"response":[]},{"name":"localhost:4000/user/info/1","id":"094f9a5f-c662-4031-a4d5-3f81070692bf","protocolProfileBehavior":{"disableBodyPruning":true},"request":{"method":"GET","header":[{"key":"Authorization","value":"Bearer 49dbc0c0-ba1c-47b2-a2a1-a2217676aa13","type":"text"},{"key":"Content-Type","value":"application/x-www-form-urlencoded","type":"text"}],"url":{"raw":"localhost:4000/user/info/85","host":["localhost"],"port":"4000","path":["user","info","85"]}},"response":[]},{"name":"localhost:3000/auth/oauth/token (不过网关 - 登录)","id":"3973244e-9f67-481f-8a67-103fdd6f1e88","protocolProfileBehavior":{"disableBodyPruning":true},"request":{"method":"POST","header":[{"key":"Content-Type","name":"Content-Type","type":"text","value":"application/x-www-form-urlencoded"},{"key":"Authorization","type":"text","value":"Basic dGVzdDp0ZXN0"}],"body":{"mode":"urlencoded","urlencoded":[]},"url":{"raw":"localhost:3000/oauth/token","host":["localhost"],"port":"3000","path":["oauth","token"]}},"response":[]},{"name":"localhost:3000/auth/token/logout (不过网关删 auth)","id":"4686fddb-65b8-4499-bc48-f97ede3a4771","protocolProfileBehavior":{"disableBodyPruning":true},"request":{"method":"DELETE","header":[{"key":"Content-Type","name":"Content-Type","value":"application/x-www-form-urlencoded","type":"text"},{"key":"Authorization","value":"Basic dGVzdDp0ZXN0","type":"text","disabled":true},{"key":"Authorization","value":"af05b1e2-068d-40ce-84fc-b88a94674611","type":"text"}],"body":{"mode":"urlencoded","urlencoded":[]},"url":{"raw":"localhost:3000/token/logout","host":["localhost"],"port":"3000","path":["token","logout"]}},"response":[]},{"name":"localhost:4000/user/tenant-user-list/{project_id}","id":"d1126d01-546d-4eb7-8dfc-10a19494c682","protocolProfileBehavior":{"disableBodyPruning":true},"request":{"method":"GET","header":[{"key":"Content-Type","name":"Content-Type","value":"application/x-www-form-urlencoded","type":"text"}],"body":{"mode":"raw","raw":""},"url":{"raw":"localhost:4000/user/tenant-user-list/1","host":["localhost"],"port":"4000","path":["user","tenant-user-list","1"],"query":[{"key":"queryName","value":"八重樱3","disabled":true},{"key":"projectId","value":"1","disabled":true}]}},"response":[]},{"name":"localhost:4000/role/config-list 获取当前登录用户角色列表","id":"d7babda7-a7cb-4cbf-9376-6771578316c1","protocolProfileBehavior":{"disableBodyPruning":true},"request":{"method":"GET","header":[{"key":"Authorization","value":"Bearer 49dbc0c0-ba1c-47b2-a2a1-a2217676aa13","type":"text"},{"key":"Content-Type","name":"Content-Type","value":"application/json","type":"text"}],"body":{"mode":"raw","raw":""},"url":{"raw":"localhost:4000/role/config-list","host":["localhost"],"port":"4000","path":["role","config-list"]}},"response":[]},{"name":"localhost:4000/user/query-type/{userId} 查询角色所属类型","id":"4e1f6a6d-c4ad-4738-9407-9e70a67b39e9","protocolProfileBehavior":{"disableBodyPruning":true},"request":{"method":"GET","header":[],"url":{"raw":"localhost:4000/user/query-type/5","host":["localhost"],"port":"4000","path":["user","query-type","5"]}},"response":[]},{"name":"localhost:4000/user/preview-information y 用户中心预览","id":"4f77163d-aaed-42a9-8a33-9cff30806ce6","protocolProfileBehavior":{"disableBodyPruning":true},"request":{"method":"GET","header":[],"url":{"raw":"localhost:4000/user/preview-information?tenantId=3&id=4","host":["localhost"],"port":"4000","path":["user","preview-information"],"query":[{"key":"tenantId","value":"3"},{"key":"id","value":"4","description":"（辅助数据）"}]}},"response":[]},{"name":"localhost:4000/user/user-tenant-project/relation 用户租户Pro关系","id":"813869ba-da50-48ce-9f34-3832c66812e6","protocolProfileBehavior":{"disableBodyPruning":true},"request":{"method":"GET","header":[{"key":"Authorization","value":"Bearer 49dbc0c0-ba1c-47b2-a2a1-a2217676aa13","type":"text"},{"key":"Content-Type","name":"Content-Type","value":"application/x-www-form-urlencoded","type":"text"}],"body":{"mode":"urlencoded","urlencoded":[]},"url":{"raw":"localhost:4000/user/user-tenant-project/relation","host":["localhost"],"port":"4000","path":["user","user-tenant-project","relation"]}},"response":[]},{"name":"localhost:4000/user/user-info/{roleCode} 通过角色code获取所有用户","id":"7b29535f-8ac7-4738-817b-048b3f2731ad","protocolProfileBehavior":{"disableBodyPruning":true},"request":{"method":"GET","header":[{"key":"Authorization","type":"text","value":"Bearer 87830f45-cdc4-4d9c-af02-b1bfbbfbe5b5","disabled":true},{"key":"Content-Type","name":"Content-Type","type":"text","value":"application/x-www-form-urlencoded","disabled":true}],"body":{"mode":"urlencoded","urlencoded":[]},"url":{"raw":"localhost:4000/user/user-info-list/project_admin?roleCode=super_admin","host":["localhost"],"port":"4000","path":["user","user-info-list","project_admin"],"query":[{"key":"roleCode","value":"super_admin"}]}},"response":[]},{"name":"localhost:4000/project/project-list/1 通过TenantId 查询ProjectList列表","id":"d03529aa-12e5-405f-8053-79c9e0d7bde7","protocolProfileBehavior":{"disableBodyPruning":true},"request":{"method":"GET","header":[{"key":"Authorization","type":"text","value":"Bearer 49dbc0c0-ba1c-47b2-a2a1-a2217676aa13","disabled":true},{"key":"Content-Type","type":"text","value":"application/x-www-form-urlencoded","disabled":true}],"url":{"raw":"localhost:4000/project/project-list/1","host":["localhost"],"port":"4000","path":["project","project-list","1"]}},"response":[]}]}