{"info":{"_postman_id":"363cf290-6875-4abe-93a5-23925c021a29","name":"fitmgr - quota - 12.10 （Local）","schema":"https://schema.getpostman.com/json/collection/v2.1.0/collection.json"},"item":[{"name":"localhost:6070/quota-operation","id":"cbc62b3f-d185-44c5-89a4-1323440525c5","protocolProfileBehavior":{"disableBodyPruning":true},"request":{"method":"POST","header":[{"key":"Content-Type","name":"Content-Type","value":"application/json","type":"text"}],"body":{"mode":"raw","raw":"{\n\t\"orderId\":\"21fdfd2dsads\",\n\t\"tpId\":352497851,\t\n\t\"quotaType\":\"1\",\n\t\"quotaItemKey\":\"memory\",\n\t\"quotaItemValue\":500,\n\t\"number\":9,\n\t\"elasticExpansion\":0,\n\t\"resourceType\":\"0\",\n\t\"quotaStatus\":\"0\",\n\t\"operationStatus\":\"0\"\n}"},"url":{"raw":"localhost:6070/quota-operation","host":["localhost"],"port":"6070","path":["quota-operation"]}},"response":[]},{"name":"localhost:6070/quota-operation/list  配额操作纪录（批量）","id":"585cdd68-2482-44be-b24a-7a787a7602e1","protocolProfileBehavior":{"disableBodyPruning":true},"request":{"method":"POST","header":[{"key":"Content-Type","name":"Content-Type","type":"text","value":"application/json"}],"body":{"mode":"raw","raw":"[\n    {\n        \"orderId\": \"21fdfd2dsads22\",\n        \"tpId\": 352497851,\n        \"quotaType\": \"1\",\n        \"quotaItemKey\": \"memory1\",\n        \"quotaItemValue\": 500,\n        \"number\": 9,\n        \"elasticExpansion\": 0,\n        \"resourceType\": \"0\",\n        \"quotaStatus\": \"0\",\n        \"operationStatus\": \"0\"\n    },\n    {\n        \"orderId\": \"21fdfd2dsads22\",\n        \"tpId\": 352497851,\n        \"quotaType\": \"1\",\n        \"quotaItemKey\": \"memory2\",\n        \"quotaItemValue\": 500,\n        \"number\": 9,\n        \"elasticExpansion\": 0,\n        \"resourceType\": \"0\",\n        \"quotaStatus\": \"0\",\n        \"operationStatus\": \"0\"\n    }\n]"},"url":{"raw":"localhost:6070/quota-operation/list","host":["localhost"],"port":"6070","path":["quota-operation","list"]}},"response":[]},{"name":"localhost:6070/quota-operation/{quotaOperationId}","id":"8a8513f8-ae64-40a0-a27a-2ae9e7058d03","protocolProfileBehavior":{"disableBodyPruning":true},"request":{"method":"DELETE","header":[{"key":"Content-Type","name":"Content-Type","value":"application/json","type":"text"}],"body":{"mode":"raw","raw":""},"url":{"raw":"localhost:6070/quota-operation/377970638513004545","host":["localhost"],"port":"6070","path":["quota-operation","377970638513004545"]}},"response":[]},{"name":"localhost:6070/quota-operation/{Id}","id":"3eb07d2f-b340-48e4-8e9f-f726c10948b2","protocolProfileBehavior":{"disableBodyPruning":true},"request":{"method":"PUT","header":[{"key":"Content-Type","name":"Content-Type","value":"application/json","type":"text"}],"body":{"mode":"raw","raw":"{\n    \"id\": 13,\n\t\"orderId\":\"21fdfd2dsads\",\n\t\"tpId\":352497851,\n\t\"quotaType\":\"1\",\n\t\"quotaItemKey\":\"memory\",\n\t\"quotaItemValue\":500,\n\t\"number\":9,\n\t\"elasticExpansion\":0,\n\t\"resourceType\":\"0\",\n\t\"quotaStatus\":\"0\",\n\t\"operationStatus\":\"0\"\n}"},"url":{"raw":"localhost:6070/quota-operation","host":["localhost"],"port":"6070","path":["quota-operation"]}},"response":[]},{"name":"localhost:6070/quota-operation/list 批量修改配额操作","id":"8beb748d-35c7-4006-ae4b-befa787cd886","protocolProfileBehavior":{"disableBodyPruning":true},"request":{"method":"PUT","header":[{"key":"Content-Type","name":"Content-Type","type":"text","value":"application/json"}],"body":{"mode":"raw","raw":"[\n    {\n        \"quotaOperationId\": 364632330487754752,\n        \"orderId\": \"21fdfd2dsads\",\n        \"tpId\": 352497851,\n        \"quotaType\": \"1\",\n        \"quotaItemKey\": \"memory\",\n        \"quotaItemValue\": 500,\n        \"number\": 9,\n        \"elasticExpansion\": 0,\n        \"resourceType\": \"0\",\n        \"quotaStatus\": \"0\",\n        \"operationStatus\": \"0\"\n    },\n    {\n        \"quotaOperationId\": 364637000627154944,\n        \"orderId\": \"21fdfd2dsads\",\n        \"tpId\": 352497851,\n        \"quotaType\": \"1\",\n        \"quotaItemKey\": \"memory\",\n        \"quotaItemValue\": 500,\n        \"number\": 9,\n        \"elasticExpansion\": 0,\n        \"resourceType\": \"0\",\n        \"quotaStatus\": \"0\",\n        \"operationStatus\": \"0\"\n    }\n]"},"url":{"raw":"localhost:6070/quota-operation/list","host":["localhost"],"port":"6070","path":["quota-operation","list"]}},"response":[]},{"name":"localhost:6070/quota-operation/info/{quotaOperationId}","id":"8ee63ae4-c873-463a-b4ad-8f8591152568","protocolProfileBehavior":{"disableBodyPruning":true},"request":{"method":"PUT","header":[{"key":"Content-Type","name":"Content-Type","type":"text","value":"application/json"}],"body":{"mode":"raw","raw":"{\n    \"quotaOperationId\": 365363818833408000,\n    \"orderId\": \"21fdfd2dsads\",\n    \"tpId\": 352497851,\n    \"quotaType\": \"1\",\n    \"quotaItemKey\": \"memory\",\n    \"quotaItemValue\": 500,\n    \"number\": 4,\n    \"elasticExpansion\": 0,\n    \"resourceType\": \"4\",\n    \"quotaStatus\": \"4\",\n    \"operationStatus\": \"4\"\n}"},"url":{"raw":"localhost:6070/quota-operation/info","host":["localhost"],"port":"6070","path":["quota-operation","info"]}},"response":[]},{"name":"localhost:6070/quota-operation/{Id}","event":[{"listen":"test","script":{"id":"e9bb4f69-5344-471f-8ea7-1c4cc733449a","exec":["tests[\"Status code is 200\"] = responseCode.code === 200;\r","tests[\"Response time is less than 10000ms\"] = responseTime < 10000;\r","console.log(responseTime);"],"type":"text/javascript"}}],"id":"ff664821-9100-44aa-913f-a2fcc265a4c0","protocolProfileBehavior":{"disableBodyPruning":true},"request":{"method":"GET","header":[],"url":{"raw":"localhost:6070/quota-operation/7","host":["localhost"],"port":"6070","path":["quota-operation","7"]}},"response":[]},{"name":"localhost:6070/quota-operation/info/{quotaOperationId}","id":"4d242e4b-57cf-4759-9b6d-81defb1c262c","protocolProfileBehavior":{"disableBodyPruning":true},"request":{"method":"GET","header":[{"key":"Content-Type","name":"Content-Type","value":"application/json","type":"text"}],"url":{"raw":"localhost:6070/quota-operation/info?quotaOperationId=364590767363616768","host":["localhost"],"port":"6070","path":["quota-operation","info"],"query":[{"key":"quotaOperationId","value":"364590767363616768"},{"key":"quotaStatus","value":"4","disabled":true},{"key":"projectId","value":"44","disabled":true}]}},"response":[]},{"name":"localhost:6070/quota-operation/page?current=1&size=7","id":"2e8c3142-68ea-4fe8-9f6a-097c97e96dee","protocolProfileBehavior":{"disableBodyPruning":true},"request":{"method":"GET","header":[{"key":"Authorization","type":"text","value":"9851c5a6-a2a9-4e32-b760-a3b0f5e02942","disabled":true},{"key":"Content-Type","name":"Content-Type","type":"text","value":"application/x-www-form-urlencoded","disabled":true}],"body":{"mode":"raw","raw":""},"url":{"raw":"localhost:6070/quota-operation/page?current=1&size=7&quotaOperationId=364580170748162048","host":["localhost"],"port":"6070","path":["quota-operation","page"],"query":[{"key":"current","value":"1"},{"key":"size","value":"7"},{"key":"quotaOperationId","value":"364580170748162048"}]}},"response":[]},{"name":"非配额操作部分 ~~~~~~","id":"0dd4fa90-7622-4336-8f7d-a96f6f2f5d03","protocolProfileBehavior":{"disableBodyPruning":true},"request":{"method":"LOCK","header":[],"url":{"raw":"非配额操作部分 ~~~~~~","host":["非配额操作部分 ~~~~~~"]}},"response":[]},{"name":"localhost:6070/quota/distribute/tenant-quota 租户配额分配（批量）","id":"0c65ff49-0ee8-4da9-bd90-639910a51f24","protocolProfileBehavior":{"disableBodyPruning":true},"request":{"method":"POST","header":[{"key":"Content-Type","name":"Content-Type","value":"application/json","type":"text"}],"body":{"mode":"raw","raw":"[\n    {\n        \"quotaType\": \"0\",\n        \"tpId\": 3,\n        \"quotaItemId\": 6,\n        \"resourceType\": \"0\",\n        \"quotaTotal\": 1000,\n        \"elasticExpansion\": \"1\"\n    },\n    {\n        \"quotaType\": \"0\",\n        \"tpId\": 3,\n        \"quotaItemId\": 8,\n        \"resourceType\": \"0\",\n        \"quotaTotal\": 1000,\n        \"elasticExpansion\": \"1\"\n    }\n]"},"url":{"raw":"localhost:6070/quota/distribute/tenant-quota","host":["localhost"],"port":"6070","path":["quota","distribute","tenant-quota"]}},"response":[]},{"name":"localhost:6070/quota/distribute/project-quota 项目配额分配（批量）","id":"db210265-d62b-4be3-b391-b9254a05d732","protocolProfileBehavior":{"disableBodyPruning":true},"request":{"method":"POST","header":[{"key":"Content-Type","name":"Content-Type","type":"text","value":"application/json"}],"body":{"mode":"raw","raw":"[\n    {\n        \"quotaType\": \"1\",\n        \"tpId\": 3,\n        \"quotaItemId\": 6,\n        \"resourceType\": \"0\",\n        \"quotaTotal\": 300,\n        \"elasticExpansion\": \"0\"\n    },\n    {\n        \"quotaType\": \"1\",\n        \"tpId\": 3,\n        \"quotaItemId\": 8,\n        \"resourceType\": \"0\",\n        \"quotaTotal\": 400,\n        \"elasticExpansion\": \"0\"\n    }\n]"},"url":{"raw":"localhost:6070/quota/distribute/project-quota","host":["localhost"],"port":"6070","path":["quota","distribute","project-quota"]}},"response":[]},{"name":"localhost:6070/quota 配额分配修改","id":"594a6e79-3bea-4251-8cdf-58a4776318fc","protocolProfileBehavior":{"disableBodyPruning":true},"request":{"method":"PUT","header":[{"key":"Content-Type","name":"Content-Type","value":"application/json","type":"text"}],"body":{"mode":"raw","raw":"[\n    {\n        \"quotaId\": 365744089621622800,\n        \"quotaItemId\": 4,\n        \"quotaType\": \"1\",\n        \"resourceType\": \"0\",\n        \"quotaTotal\": 10000,\n        \"quotaSurplus\": 3333,\n        \"tpId\": 3,\n        \"elasticExpansion\": \"1\"\n    },\n    {\n        \"quotaId\": 365744155468001300,\n        \"quotaItemId\": 4,\n        \"quotaType\": \"1\",\n        \"resourceType\": \"0\",\n        \"quotaTotal\": 10000,\n        \"quotaSurplus\": 4444,\n        \"tpId\": 4,\n        \"elasticExpansion\": \"1\"\n    }\n]"},"url":{"raw":"localhost:6070/quota/add/project-quota","host":["localhost"],"port":"6070","path":["quota","add","project-quota"]}},"response":[]},{"name":"localhost:6070/quota/project-quota/compensate?orderId=21fdfd2dsads&tpId=21212","id":"2e88b8f9-1954-4936-b4a5-bcc0e2920dd5","protocolProfileBehavior":{"disableBodyPruning":true},"request":{"method":"PUT","header":[],"url":{"raw":"localhost:6070/quota/project-quota/compensate?orderId=21fdfd2dsads&tpId=352497851","host":["localhost"],"port":"6070","path":["quota","project-quota","compensate"],"query":[{"key":"orderId","value":"21fdfd2dsads"},{"key":"tpId","value":"352497851"}]}},"response":[]},{"name":"localhost:6070/quota/deduct 配额扣减","id":"6192abc9-230a-43ea-a54b-fefc57c7c4c2","protocolProfileBehavior":{"disableBodyPruning":true},"request":{"method":"PUT","header":[{"key":"Content-Type","name":"Content-Type","type":"text","value":"application/json"}],"body":{"mode":"raw","raw":""},"url":{"raw":"localhost:6070/quota/deduct","host":["localhost"],"port":"6070","path":["quota","deduct"]}},"response":[]},{"name":"localhost:6070/quota/compensate 配额补偿","id":"f1822862-81ce-4ca7-a419-6274892e9421","protocolProfileBehavior":{"disableBodyPruning":true},"request":{"method":"PUT","header":[{"key":"Content-Type","name":"Content-Type","type":"text","value":"application/json"}],"body":{"mode":"raw","raw":""},"url":{"raw":"localhost:6070/quota/compensate","host":["localhost"],"port":"6070","path":["quota","compensate"]}},"response":[]}],"event":[{"listen":"prerequest","script":{"id":"5c9de618-1d5a-49f6-b39d-be8a0e0cc802","type":"text/javascript","exec":[""]}},{"listen":"test","script":{"id":"6d9a07dc-d81c-431a-a7be-11785717f5cb","type":"text/javascript","exec":["tests['Status code is 200'] = responseCode.code === 200;","tests[\"Response time is less than 10000ms\"] = responseTime < 10000;"]}}]}