{"info":{"_postman_id":"4c1aa325-fb86-4b3b-9723-d1c4d31443f6","name":"诉求平台 - Remote","schema":"https://schema.getpostman.com/json/collection/v2.1.0/collection.json"},"item":[{"name":".cn/api/auth/oauth/token 用户登录","id":"9ce797ef-502b-44a9-ba26-3eb2b57183e4","protocolProfileBehavior":{"disableBodyPruning":true},"request":{"method":"POST","header":[{"key":"Content-Type","name":"Content-Type","type":"text","value":"application/x-www-form-urlencoded"},{"key":"Authorization","type":"text","value":"Basic dGVzdDp0ZXN0"}],"body":{"mode":"urlencoded","urlencoded":[{"key":"username","type":"text","value":"admin"},{"key":"password","type":"text","value":"123456"},{"key":"grant_type","type":"text","value":"password"}]},"url":{"raw":"http://sqsl.hbsme.com.cn/api/auth/oauth/token","protocol":"http","host":["sqsl","hbsme","com","cn"],"path":["api","auth","oauth","token"]}},"response":[]},{"name":".cn/api/admin/user/{id} 查询用户byId","id":"b04c2227-041f-4990-b154-1f0a8d3472b2","protocolProfileBehavior":{"disableBodyPruning":true},"request":{"method":"GET","header":[],"url":{"raw":"http://sqsl.hbsme.com.cn/api/admin/user/99","protocol":"http","host":["sqsl","hbsme","com","cn"],"path":["api","admin","user","99"]}},"response":[]},{"name":".cn/api/admin/dept/tree 查询部门租户结构Tree","id":"11eaf8b0-b9fd-4ee9-a0f8-79f208a49edf","protocolProfileBehavior":{"disableBodyPruning":true},"request":{"method":"GET","header":[{"key":"Authorization","type":"text","value":"bearer 94f4f87b-72ff-49e7-afca-740a84b88ede"}],"url":{"raw":"http://sqsl.hbsme.com.cn/api/admin/dept/tree","protocol":"http","host":["sqsl","hbsme","com","cn"],"path":["api","admin","dept","tree"]}},"response":[]},{"name":".cn/api/admin/dept/{id} 通过ID查询","id":"769ff6d5-3932-4f98-9d77-e3b152e17871","protocolProfileBehavior":{"disableBodyPruning":true},"request":{"method":"GET","header":[{"key":"Authorization","type":"text","value":"bearer a151650e-24cb-4085-a853-f4a4d807ac8c"}],"url":{"raw":"http://sqsl.hbsme.com.cn/api/admin/dept/124","protocol":"http","host":["sqsl","hbsme","com","cn"],"path":["api","admin","dept","124"]}},"response":[]},{"name":".cn/api/admin/dept/dispense/tree/{deptId} 返回派发工单树形部门列表","id":"4e7bd1f0-ab6d-4c24-9a3c-af1c3b63ab08","protocolProfileBehavior":{"disableBodyPruning":true},"request":{"method":"GET","header":[{"key":"Authorization","type":"text","value":"bearer 9c91ffad-bccb-4419-a6fd-0425592e1dc9"}],"url":{"raw":"http://sqsl.hbsme.com.cn/api/admin/dept/dispense/tree?deptId=73","protocol":"http","host":["sqsl","hbsme","com","cn"],"path":["api","admin","dept","dispense","tree"],"query":[{"key":"deptId","value":"73"}]}},"response":[]},{"name":".cn/api/admin/dept/redeployDept/{deptId} 转派部门Tree","id":"43773480-7dcb-4f75-afa6-1811661f4e64","protocolProfileBehavior":{"disableBodyPruning":true},"request":{"method":"GET","header":[],"url":{"raw":"http://sqsl.hbsme.com.cn/api/admin/dept/redeployDept?deptId=89","protocol":"http","host":["sqsl","hbsme","com","cn"],"path":["api","admin","dept","redeployDept"],"query":[{"key":"deptId","value":"89"}]}},"response":[]},{"name":".cn/api/appeal/appeal/list/role/?pageNum=1&pageSize=20 - 异常","id":"bda7f92c-0fe4-4855-b49a-2d9c7f34d009","protocolProfileBehavior":{"disableBodyPruning":true},"request":{"method":"GET","header":[{"key":"Authorization","value":"bearer a1254701-f2a9-41d8-bd52-551872149f6e","type":"text"}],"url":{"raw":"http://sqsl.hbsme.com.cn/api/appeal/appeal/list/role","protocol":"http","host":["sqsl","hbsme","com","cn"],"path":["api","appeal","appeal","list","role"],"query":[{"key":"pageNum","value":"1","disabled":true},{"key":"pageSize","value":"20","disabled":true},{"key":"title","value":"","disabled":true},{"key":"status","value":"3","disabled":true},{"key":"cityId","value":"","disabled":true},{"key":"deptId","value":"","disabled":true},{"key":"phone","value":"","disabled":true}]}},"response":[]},{"name":".cn/api/appeal/appeal/log/{appealId} 工单日志跟踪","id":"54315a34-e6c9-4c7c-9c5b-dc7862078773","protocolProfileBehavior":{"disableBodyPruning":true},"request":{"method":"GET","header":[],"url":{"raw":"http://sqsl.hbsme.com.cn/api/appeal/appeal/log/77","protocol":"http","host":["sqsl","hbsme","com","cn"],"path":["api","appeal","appeal","log","77"]}},"response":[]},{"name":".cn/api/appeal/appeal/selectOne/{appealId} 查询工单详情","id":"6deb75ec-5466-4644-971f-29c695ef4e66","protocolProfileBehavior":{"disableBodyPruning":true},"request":{"method":"GET","header":[],"url":{"raw":"http://sqsl.hbsme.com.cn/api/appeal/appeal/selectOne/2","protocol":"http","host":["sqsl","hbsme","com","cn"],"path":["api","appeal","appeal","selectOne","2"]}},"response":[]},{"name":".cn/api/appeal/dispense/save 工单派发","id":"9ffad892-0a04-4013-8f30-c734e99bfeeb","protocolProfileBehavior":{"disableBodyPruning":true},"request":{"method":"POST","header":[{"key":"Authorization","value":"bearer 8d8b8073-8be9-41b2-95fc-dda1a45e3eb0","type":"text"}],"url":{"raw":"http://sqsl.hbsme.com.cn/api/appeal/dispense/save","protocol":"http","host":["sqsl","hbsme","com","cn"],"path":["api","appeal","dispense","save"]}},"response":[]},{"name":".cn/api/appeal/dispense 工单二次派发","id":"6d3c6da2-3a46-4eea-84ec-53d716fd3a16","protocolProfileBehavior":{"disableBodyPruning":true},"request":{"method":"PUT","header":[{"key":"Authorization","value":"bearer 8d8b8073-8be9-41b2-95fc-dda1a45e3eb0","type":"text"}],"url":{"raw":"http://sqsl.hbsme.com.cn/api/appeal/dispense","protocol":"http","host":["sqsl","hbsme","com","cn"],"path":["api","appeal","dispense"]}},"response":[]},{"name":".cn/api/appeal/type/list 工单分类（属性字段）","id":"70fadc68-e854-434d-83ef-3d34472b95fb","protocolProfileBehavior":{"disableBodyPruning":true},"request":{"method":"GET","header":[{"key":"Authorization","value":"bearer 8d8b8073-8be9-41b2-95fc-dda1a45e3eb0","type":"text"}],"url":{"raw":"http://sqsl.hbsme.com.cn/api/appeal/type/list","protocol":"http","host":["sqsl","hbsme","com","cn"],"path":["api","appeal","type","list"],"query":[{"key":"","value":"","disabled":true}]}},"response":[]},{"name":".cn/api/appeal/sms/list","id":"5ab2aa1b-f4d7-4908-a88f-34bbe9d7e933","protocolProfileBehavior":{"disableBodyPruning":true},"request":{"method":"GET","header":[{"key":"Authorization","type":"text","value":"bearer 94f4f87b-72ff-49e7-afca-740a84b88ede"}],"url":{"raw":"http://sqsl.hbsme.com.cn/api/appeal/sms/list","protocol":"http","host":["sqsl","hbsme","com","cn"],"path":["api","appeal","sms","list"]}},"response":[]},{"name":".cn/api/appeal/sms/list Copy","id":"60b81325-ce6a-4ae5-be56-2451e6a8a7f0","protocolProfileBehavior":{"disableBodyPruning":true},"request":{"method":"GET","header":[{"key":"Authorization","type":"text","value":"{{Authorization}}"}],"url":{"raw":"http://sqsl.hbsme.com.cn/api/firm/page/conditions","protocol":"http","host":["sqsl","hbsme","com","cn"],"path":["api","firm","page","conditions"]}},"response":[]}]}