{"info":{"_postman_id":"774b10b7-ecf1-4c5d-8f4e-66a749d01bc7","name":"物联网 - 智慧公寓 - apartment","schema":"https://schema.getpostman.com/json/collection/v2.1.0/collection.json"},"item":[{"name":"{{url}}/house 新增(注册)公寓","id":"9d32c3dc-db4b-4b84-8a86-0c40c9e63667","protocolProfileBehavior":{"disableBodyPruning":true},"request":{"method":"POST","header":[{"key":"Authorization","value":"{{Authorization}}","type":"text"}],"body":{"mode":"raw","raw":"{\r\n    \"tenantId\": 188,\r\n    \"contractModelId\": 11,\r\n    \"structureId\": 11,\r\n    \"structureIdentity\": 26,\r\n    \"createBy\": 325,\r\n    \"name\": \"爱情公寓5\",\r\n    \"picture\": \"[{\\\"name\\\":\\\"dada1e4af5e05a1e07b330df93d0cb29.jpeg\\\",\\\"url\\\":\\\"/dev-api/admin/sys-file/iot/31c6f38ba2a849eb84ac62ac84377d7a.jpeg\\\",\\\"uid\\\":1622860164774,\\\"status\\\":\\\"success\\\"}]\",\r\n    \"area\": \"123\",\r\n    \"houseType\": \"123\",\r\n    \"phone\": \"13223213123\",\r\n    \"seatingCapacity\": \"123\",\r\n    \"description\": \" 师德师风第三方水电费\"\r\n}","options":{"raw":{"language":"json"}}},"url":{"raw":"{{url}}/house","host":["{{url}}"],"path":["house"]}},"response":[]},{"name":"{{url}}/house 删除公寓详情ById","id":"505cf76d-6bc1-426b-8b99-f7ace3e3afd5","protocolProfileBehavior":{"disableBodyPruning":true},"request":{"method":"DELETE","header":[{"key":"Authorization","value":"{{Authorization}}","type":"text"}],"url":{"raw":"{{url}}/house?id=35","host":["{{url}}"],"path":["house"],"query":[{"key":"id","value":"35"}]}},"response":[]},{"name":"{{url}}/house 修改(注册)公寓ById","id":"d6103751-827e-4061-aef4-045f1f07da74","protocolProfileBehavior":{"disableBodyPruning":true},"request":{"method":"PUT","header":[{"key":"Authorization","value":"{{Authorization}}","type":"text"}],"body":{"mode":"raw","raw":"{\r\n    \"id\":41,\r\n    \"tenantId\": 189,\r\n    \"contractModelId\": \"11\",\r\n    \"structureId\": 12,\r\n    \"structureIdentity\": 26,\r\n    \"createBy\": 325,\r\n    \"name\": \"爱情公寓4\",\r\n    \"picture\": \"[{\\\"name\\\":\\\"dada1e4af5e05a1e07b330df93d0cb29.jpeg\\\",\\\"url\\\":\\\"/dev-api/admin/sys-file/iot/31c6f38ba2a849eb84ac62ac84377d7a.jpeg\\\",\\\"uid\\\":1622860164774,\\\"status\\\":\\\"success\\\"}]\",\r\n    \"area\": \"123\",\r\n    \"houseType\": \"123\",\r\n    \"phone\": \"13223213123\",\r\n    \"seatingCapacity\": \"123\",\r\n    \"description\": \" 师德师风第三方水电费\",\r\n    \"labelIdList\": [\r\n        1,\r\n        2,\r\n        3\r\n    ],\r\n    \"facilitiesIdList\": [\r\n        2,\r\n        3\r\n    ]\r\n}","options":{"raw":{"language":"json"}}},"url":{"raw":"{{url}}/house","host":["{{url}}"],"path":["house"]}},"response":[]},{"name":"{{url}}/house/sold 修改公寓上架下架状态","id":"a96f9b17-76e0-48be-8349-90692cf688a7","protocolProfileBehavior":{"disableBodyPruning":true},"request":{"method":"PUT","header":[{"key":"Authorization","value":"{{Authorization}}","type":"text"}],"body":{"mode":"raw","raw":"{\r\n    \"id\":39,\r\n    \"status\": \"5\"\r\n}","options":{"raw":{"language":"json"}}},"url":{"raw":"{{url}}/house/sold","host":["{{url}}"],"path":["house","sold"]}},"response":[]},{"name":"{{url}}/house 查询公寓详情","id":"b64fbadd-de4d-4f6c-b648-fdbe0f0c8454","protocolProfileBehavior":{"disableBodyPruning":true},"request":{"method":"GET","header":[{"key":"Authorization","value":"{{Authorization}}","type":"text"}],"url":{"raw":"{{url}}/house?id=38","host":["{{url}}"],"path":["house"],"query":[{"key":"id","value":"38"}]}},"response":[]},{"name":"{{url}}/house 查询公寓详情 Copy","id":"73a91e1b-d132-48e3-9143-e455e93b5ff5","protocolProfileBehavior":{"disableBodyPruning":true},"request":{"method":"GET","header":[{"key":"Authorization","value":"{{Authorization}}","type":"text"}],"url":{"raw":"{{url}}/house/getmodel?id=12","host":["{{url}}"],"path":["house","getmodel"],"query":[{"key":"id","value":"12"}]}},"response":[]},{"name":"{{url}}/house/detail/{id} 查询公寓详情(跨服务)","id":"58097388-6f16-4784-b542-84a802d9adf4","protocolProfileBehavior":{"disableBodyPruning":true},"request":{"method":"GET","header":[{"key":"Authorization","value":"{{Authorization}}","type":"text"}],"body":{"mode":"raw","raw":"","options":{"raw":{"language":"json"}}},"url":{"raw":"{{url}}/house/detail?id=38","host":["{{url}}"],"path":["house","detail"],"query":[{"key":"id","value":"38"}]}},"response":[]},{"name":"{{url}}/house/lists/ten 条件查询热度前十的公寓资源","id":"b4075b44-43bd-45b2-b256-9db5b88d3254","protocolProfileBehavior":{"disableBodyPruning":true},"request":{"method":"GET","header":[{"key":"Authorization","value":"{{Authorization}}","type":"text"}],"body":{"mode":"raw","raw":"","options":{"raw":{"language":"json"}}},"url":{"raw":"{{url}}/house/lists/ten","host":["{{url}}"],"path":["house","lists","ten"]}},"response":[]},{"name":"{{url}}/house/lists/conditions 条件查询房源信息列表","id":"950fdc4e-cbfe-48ea-bee1-dc02a94b303c","protocolProfileBehavior":{"disableBodyPruning":true},"request":{"method":"POST","header":[{"key":"Authorization","value":"{{Authorization}}","type":"text"}],"body":{"mode":"raw","raw":"{\r\n}","options":{"raw":{"language":"json"}}},"url":{"raw":"{{url}}/house/lists/conditions","host":["{{url}}"],"path":["house","lists","conditions"],"query":[{"key":"startTime","value":"2021-04-19 11:00:00","disabled":true},{"key":"endTime","value":"2021-04-20 12:00:00","disabled":true},{"key":"houseType","value":"2室","disabled":true},{"key":"structureId","value":"10","disabled":true}]}},"response":[]},{"name":"{{url}}/house/page/conditions 分页条件查询房源信息列表","id":"00028ddb-03f5-41a4-ada6-6e0e321fdf3a","protocolProfileBehavior":{"disableBodyPruning":true},"request":{"method":"GET","header":[{"key":"Authorization","value":"{{Authorization}}","type":"text"}],"body":{"mode":"raw","raw":"","options":{"raw":{"language":"json"}}},"url":{"raw":"{{url}}/house/page/conditions?structureId=10","host":["{{url}}"],"path":["house","page","conditions"],"query":[{"key":"startTime","value":"2021-04-19 11:00:00","disabled":true},{"key":"endTime","value":"2021-04-20 12:00:00","disabled":true},{"key":"houseType","value":"2室","disabled":true},{"key":"structureId","value":"10","type":"text"}]}},"response":[]},{"name":"{{url}}/house/test","id":"909a9beb-460f-456d-b920-81508db2be6b","protocolProfileBehavior":{"disableBodyPruning":true},"request":{"method":"GET","header":[{"key":"Authorization","value":"{{Authorization}}","type":"text"}],"body":{"mode":"raw","raw":"","options":{"raw":{"language":"json"}}},"url":{"raw":"{{url}}/house/test?date=2021-04-19    问问前无群","host":["{{url}}"],"path":["house","test"],"query":[{"key":"date","value":"2021-04-19    问问前无群"}]}},"response":[]},{"name":"{{url}}/facilities 新增设施设备","id":"009ad97f-900c-4bad-8cec-878db3d39a39","protocolProfileBehavior":{"disableBodyPruning":true},"request":{"method":"POST","header":[{"key":"Authorization","value":"{{Authorization}}","type":"text"}],"body":{"mode":"raw","raw":"{\r\n    \"tenantId\": 1,\r\n    \"typeId\": 1,\r\n    \"name\": \"海尔只能空调A05\",\r\n    \"price\": 0.01000000,\r\n    \"attribute\": \"0\",\r\n    \"status\": \"0\"\r\n}","options":{"raw":{"language":"json"}}},"url":{"raw":"{{url}}/facilities","host":["{{url}}"],"path":["facilities"]}},"response":[]},{"name":"{{url}}/facilities 删除设施设备","id":"317d16d4-d9b4-4d18-830e-31a018ce923d","protocolProfileBehavior":{"disableBodyPruning":true},"request":{"method":"DELETE","header":[{"key":"Authorization","value":"{{Authorization}}","type":"text"}],"body":{"mode":"raw","raw":"","options":{"raw":{"language":"json"}}},"url":{"raw":"{{url}}/facilities","host":["{{url}}"],"path":["facilities"]}},"response":[]},{"name":"{{url}}/facilities 查询设施设备","id":"a9016799-9120-46ee-943a-de7c49f07e42","protocolProfileBehavior":{"disableBodyPruning":true},"request":{"method":"GET","header":[{"key":"Authorization","value":"{{Authorization}}","type":"text"}],"body":{"mode":"raw","raw":"","options":{"raw":{"language":"json"}}},"url":{"raw":"{{url}}/facilities?id=1","host":["{{url}}"],"path":["facilities"],"query":[{"key":"id","value":"1"}]}},"response":[]},{"name":"{{url}}/facilities/lists 无参查询设施设备列表","id":"b0d7018e-6d0f-428b-8921-4c111b475098","protocolProfileBehavior":{"disableBodyPruning":true},"request":{"method":"GET","header":[{"key":"Authorization","value":"{{Authorization}}","type":"text"}],"body":{"mode":"raw","raw":"","options":{"raw":{"language":"json"}}},"url":{"raw":"{{url}}/facilities/lists","host":["{{url}}"],"path":["facilities","lists"]}},"response":[]},{"name":"{{url}}/facilities/lists/conditions 条件查询设施设备列表","id":"97bae19c-0279-4fdd-b4f8-823961256577","protocolProfileBehavior":{"disableBodyPruning":true},"request":{"method":"GET","header":[{"key":"Authorization","value":"{{Authorization}}","type":"text"}],"body":{"mode":"raw","raw":"","options":{"raw":{"language":"json"}}},"url":{"raw":"{{url}}/facilities/lists/conditions","host":["{{url}}"],"path":["facilities","lists","conditions"]}},"response":[]},{"name":"{{url}}/label/lists/conditions 条件查询标签列表","id":"2af35bc2-9b55-4e4c-862d-a834c56e2850","protocolProfileBehavior":{"disableBodyPruning":true},"request":{"method":"GET","header":[{"key":"Authorization","value":"{{Authorization}}","type":"text"}],"body":{"mode":"raw","raw":"","options":{"raw":{"language":"json"}}},"url":{"raw":"{{url}}/label/lists/conditions","host":["{{url}}"],"path":["label","lists","conditions"]}},"response":[]},{"name":"----------------------------分隔---------------------------","id":"40154597-db1d-4a71-a3dc-6dba5ab67e3e","protocolProfileBehavior":{"disableBodyPruning":true},"request":{"method":"GET","header":[],"url":{"raw":"----------------------------分隔---------------------------","host":["----------------------------分隔---------------------------"]}},"response":[]},{"name":"{{url}}/resource/profile 资源中心资源概览","id":"4d5e4f55-b0bb-49b5-a2fd-5f79e5b4d71d","protocolProfileBehavior":{"disableBodyPruning":true},"request":{"method":"GET","header":[{"key":"Authorization","value":"{{Authorization}}","type":"text"}],"body":{"mode":"raw","raw":"","options":{"raw":{"language":"json"}}},"url":{"raw":"{{url}}/resource/profile","host":["{{url}}"],"path":["resource","profile"]}},"response":[]},{"name":"{{url}}/type/queryid 查询类型 byId","id":"a6f2a60d-9e5e-491c-9484-f24dcda32440","protocolProfileBehavior":{"disableBodyPruning":true},"request":{"method":"GET","header":[{"key":"Authorization","value":"{{Authorization}}","type":"text"}],"url":{"raw":"{{url}}/type/queryid/4","host":["{{url}}"],"path":["type","queryid","4"]}},"response":[]},{"name":"{{url}}/type/listquery 条件查询类型","id":"ee979348-ae35-4c9f-aac4-a64b124f8698","protocolProfileBehavior":{"disableBodyPruning":true},"request":{"method":"GET","header":[{"key":"Authorization","value":"{{Authorization}}","type":"text"}],"url":{"raw":"{{url}}/type/listquery?type=0","host":["{{url}}"],"path":["type","listquery"],"query":[{"key":"type","value":"0"}]}},"response":[]},{"name":"{{url}}/iotbilling/page","id":"298e8eed-8a69-469e-9a72-6241911df3d3","protocolProfileBehavior":{"disableBodyPruning":true},"request":{"method":"GET","header":[{"key":"Authorization","value":"{{Authorization}}","type":"text"}],"body":{"mode":"raw","raw":"","options":{"raw":{"language":"json"}}},"url":{"raw":"{{url}}/iotbilling/page","host":["{{url}}"],"path":["iotbilling","page"]}},"response":[]}]}