{"info":{"_postman_id":"7b49ab19-3d3a-4ce2-9407-d7d1f0519a00","name":"物联网 - 智慧会议室 - Meeting","schema":"https://schema.getpostman.com/json/collection/v2.1.0/collection.json"},"item":[{"name":"{{url}}/meeting 新增会议室预约","id":"087a75c5-5548-47da-9fa0-95d12d259569","protocolProfileBehavior":{"disableBodyPruning":true},"request":{"method":"POST","header":[{"key":"Authorization","value":"{{Authorization}}","type":"text"}],"body":{"mode":"raw","raw":"{\n    \"tenantId\": 1,\n    \"structureId\": 2,\n    \"roomId\": 3,\n    \"compereId\": 1,\n    \"preparerId\": 2,\n    \"name\": \"21.03.24启智上市会议-5阶\",\n    \"cause\": \"上市前期重要事项介决策\",\n    \"type\": \"1\",\n    \"level\": \"1\",\n    \"startTime\": \"2021-04-15 07:43:57\",\n    \"endTime\": \"2020-04-26 23:43:57\",\n    \"introduction\": \"上市前期重要事项介决策+上市前期重要事项介决策+上市前期重要事项介决策\",\n    \"iotRegisterDTOList\": [\n        {\n            \"userId\": 1,\n            \"type\": \"1\"\n        },\n        {\n            \"userId\": 2,\n            \"type\": \"0\"\n        },\n        {\n            \"userId\": 3,\n            \"type\": \"1\"\n        }\n    ],\n    \"iotPreparationDTOList\": [\n        {\n            \"itemsId\": 1,\n            \"quantity\": 2\n        },\n        {\n            \"itemsId\": 2,\n            \"quantity\": 3\n        }\n    ]\n}","options":{"raw":{"language":"json"}}},"url":{"raw":"{{url}}/meeting","host":["{{url}}"],"path":["meeting"]}},"response":[]},{"name":"{{url}}/meeting  删除byId","id":"1335c182-4b84-4b17-9550-0e257417d2ff","protocolProfileBehavior":{"disableBodyPruning":true},"request":{"method":"DELETE","header":[{"key":"Authorization","value":"{{Authorization}}","type":"text"}],"url":{"raw":"{{url}}/meeting?id=9","host":["{{url}}"],"path":["meeting"],"query":[{"key":"id","value":"9"}]}},"response":[]},{"name":"{{url}}/meeting 修改","id":"755e2205-cb19-4a5d-93c2-0267e8b4894d","protocolProfileBehavior":{"disableBodyPruning":true},"request":{"method":"PUT","header":[{"key":"Authorization","value":"{{Authorization}}","type":"text"}],"body":{"mode":"raw","raw":"{\n    \"id\": 9,\n    \"name\": \"21.03.24启智上市会议\",\n    \"cause\": \"上市前期重要事项介决策\",\n    \"compereId\": 1,\n    \"resourcesId\": 2,\n    \"preparationId\": 3,\n    \"registerId\": 3,\n    \"type\": 1,\n    \"startTime\": \"2020-04-26 07:43:57\",\n    \"endTime\": \"2020-04-26 23:43:57\",\n    \"introduction\": \"上市前期重要事项介决策+上市前期重要事项介决策+上市前期重要事项介决策\",\n    \"iotRegisterDTOList\": [\n        {\n            \"id\": 18,\n            \"userId\": 24,\n            \"type\": \"1\"\n        },\n        {\n            \"id\": 19,\n            \"userId\": 24,\n            \"type\": \"0\"\n        },\n        {\n            \"id\": 24,\n            \"userId\": 26,\n            \"type\": \"0\"\n        },\n        {\n            \"userId\": 26,\n            \"type\": \"1\"\n        }\n    ]\n}","options":{"raw":{"language":"json"}}},"url":{"raw":"{{url}}/meeting","host":["{{url}}"],"path":["meeting"]}},"response":[]},{"name":"{{url}}/meeting/status 修改会议室状态","id":"2d185ff6-c216-42dd-9716-c49f3b914441","protocolProfileBehavior":{"disableBodyPruning":true},"request":{"method":"PUT","header":[{"key":"Authorization","value":"{{Authorization}}","type":"text"}],"body":{"mode":"raw","raw":"{\n    \"id\": 117,\n    \"status\": \"3\"\n}","options":{"raw":{"language":"json"}}},"url":{"raw":"{{url}}/meeting/status","host":["{{url}}"],"path":["meeting","status"]}},"response":[]},{"name":"{{url}}/meeting/appeal 会议审批","id":"251b7495-2141-4e42-87c4-d6ff27ed5128","protocolProfileBehavior":{"disableBodyPruning":true},"request":{"method":"PUT","header":[{"key":"Authorization","value":"{{Authorization}}","type":"text"}],"body":{"mode":"raw","raw":"{\n    \"id\": 8,\n    \"status\": \"5\"\n}","options":{"raw":{"language":"json"}}},"url":{"raw":"{{url}}/meeting/appeal","host":["{{url}}"],"path":["meeting","appeal"]}},"response":[]},{"name":"{{url}}/meeting 会议详情单服务查询","id":"4f358c5b-2f2a-4a9c-9eb5-337ed78edd4c","protocolProfileBehavior":{"disableBodyPruning":true},"request":{"method":"GET","header":[{"key":"Authorization","value":"{{Authorization}}","type":"text"}],"url":{"raw":"{{url}}/meeting?id=49","host":["{{url}}"],"path":["meeting"],"query":[{"key":"id","value":"49"}]}},"response":[]},{"name":"{{url}}/meeting/detail 会议详情单跨服务查询","id":"8163a316-e8ac-4414-b1da-8c8bee1f47dd","protocolProfileBehavior":{"disableBodyPruning":true},"request":{"method":"GET","header":[{"key":"Authorization","value":"{{Authorization}}","type":"text"}],"url":{"raw":"{{url}}/meeting/detail?id=117","host":["{{url}}"],"path":["meeting","detail"],"query":[{"key":"id","value":"117"}]}},"response":[]},{"name":"{{url}}/meeting/lists 无参列表查询","id":"6eba4c5d-0319-43fc-b914-92ef599118d7","protocolProfileBehavior":{"disableBodyPruning":true},"request":{"method":"GET","header":[{"key":"Authorization","value":"{{Authorization}}","type":"text"}],"url":{"raw":"{{url}}/meeting/lists","host":["{{url}}"],"path":["meeting","lists"]}},"response":[]},{"name":"{{url}}/meeting/lists/month 以 “月” 为参数，动态查询月度数据","id":"a857fe16-e31d-4df2-b2c8-90348f4148d1","protocolProfileBehavior":{"disableBodyPruning":true},"request":{"method":"GET","header":[{"key":"Authorization","value":"{{Authorization}}","type":"text"}],"body":{"mode":"raw","raw":"","options":{"raw":{"language":"json"}}},"url":{"raw":"{{url}}/meeting/lists/month?tenantId=1&startTime=2021-03-19 11:00:00&endTime=2021-03-04 11:00:00","host":["{{url}}"],"path":["meeting","lists","month"],"query":[{"key":"tenantId","value":"1"},{"key":"startTime","value":"2021-03-19 11:00:00"},{"key":"endTime","value":"2021-03-04 11:00:00"}]}},"response":[]},{"name":"{{url}}/meeting/lists/day 以 “天” 为参数，动态查询月度数据 Copy","id":"89583762-193a-4aa2-ae3c-e99fc0b2db77","protocolProfileBehavior":{"disableBodyPruning":true},"request":{"method":"GET","header":[{"key":"Authorization","value":"{{Authorization}}","type":"text"}],"body":{"mode":"raw","raw":"","options":{"raw":{"language":"json"}}},"url":{"raw":"{{url}}/meeting/lists/day?tenantId=1&startTime=2021-05-25 11:00:00&dayNumber=27","host":["{{url}}"],"path":["meeting","lists","day"],"query":[{"key":"tenantId","value":"1"},{"key":"startTime","value":"2021-05-25 11:00:00"},{"key":"dayNumber","value":"27"}]}},"response":[]},{"name":"{{url}}/meeting/lists/conditions 条件查询会议信息列表","id":"ea005457-202e-4e28-b36e-9dda4583f64e","protocolProfileBehavior":{"disableBodyPruning":true},"request":{"method":"GET","header":[{"key":"Authorization","value":"{{Authorization}}","type":"text"}],"body":{"mode":"raw","raw":"","options":{"raw":{"language":"json"}}},"url":{"raw":"{{url}}/meeting/lists/conditions","host":["{{url}}"],"path":["meeting","lists","conditions"],"query":[{"key":"startTime","value":"2021-04-19 11:00:00","disabled":true},{"key":"endTime","value":"2021-04-20 12:00:00","disabled":true}]}},"response":[]},{"name":"{{url}}/meeting/page/conditions 分页查询查询会议信息列表","id":"2546d06b-cbb1-4876-b328-7300450e8e31","protocolProfileBehavior":{"disableBodyPruning":true},"request":{"method":"GET","header":[{"key":"Authorization","value":"{{Authorization}}","type":"text"}],"url":{"raw":"{{url}}/meeting/page/conditions?type=1&size=5&current=3","host":["{{url}}"],"path":["meeting","page","conditions"],"query":[{"key":"startTime","value":"2021-04-15 12:00:00","disabled":true},{"key":"tenantId","value":"","type":"text","disabled":true},{"key":"roomId","value":"","type":"text","disabled":true},{"key":"type","value":"1"},{"key":"size","value":"5"},{"key":"current","value":"3"}]}},"response":[]},{"name":"{{url}}/register 新增会议签到","id":"5111c083-53d3-411d-8a0f-d43313b524ad","protocolProfileBehavior":{"disableBodyPruning":true},"request":{"method":"POST","header":[{"key":"Authorization","value":"{{Authorization}}","type":"text"}],"body":{"mode":"raw","raw":"{\n    \"meetingId\": 3,\n    \"userId\": 6,\n    \"description\": \"Xxxx在进行会议敲到排队等待中\",\n    \"type\": 0\n}","options":{"raw":{"language":"json"}}},"url":{"raw":"{{url}}/register","host":["{{url}}"],"path":["register"]}},"response":[]},{"name":"{{url}}/register/batch 批量新增会议签到信息","id":"5928b347-359c-4003-8729-c3cb38d48a72","protocolProfileBehavior":{"disableBodyPruning":true},"request":{"method":"POST","header":[{"key":"Authorization","value":"{{Authorization}}","type":"text"}],"body":{"mode":"raw","raw":"{\n    \"meetingId\": 3,\n    \"userId\": 6,\n    \"description\": \"Xxxx在进行会议敲到排队等待中\",\n    \"type\": 0\n}","options":{"raw":{"language":"json"}}},"url":{"raw":"{{url}}/register/batch ","host":["{{url}}"],"path":["register","batch "]}},"response":[]},{"name":"{{url}}/register 删除byId","id":"78cdf12b-d822-4f6f-9531-761742f0813d","protocolProfileBehavior":{"disableBodyPruning":true},"request":{"method":"DELETE","header":[{"key":"Authorization","value":"{{Authorization}}","type":"text"}],"url":{"raw":"{{url}}/register/3","host":["{{url}}"],"path":["register","3"]}},"response":[]},{"name":"{{url}}/register 修改会议签到-状态","id":"1d0c3f96-2955-4681-a36e-3e9c2cf93703","protocolProfileBehavior":{"disableBodyPruning":true},"request":{"method":"PUT","header":[{"key":"Authorization","value":"{{Authorization}}","type":"text"}],"body":{"mode":"raw","raw":"{\n    \"id\": 1,\n    \"meetingId\": 9,\n    \"userId\": 9,\n    \"description\": \"Xxxx在进行会议敲到排队等待中\"\n}","options":{"raw":{"language":"json"}}},"url":{"raw":"{{url}}/register","host":["{{url}}"],"path":["register"]}},"response":[]},{"name":"{{url}}/register/batch  批量修改会议签到信息","id":"ada9844b-dd47-4cd1-a5d6-de6f054e3b4e","protocolProfileBehavior":{"disableBodyPruning":true},"request":{"method":"PUT","header":[{"key":"Authorization","value":"{{Authorization}}","type":"text","disabled":true}],"body":{"mode":"raw","raw":"[\n    {\n        \"id\": 154,\n        \"meetingId\": 64,\n        \"type\": 1,\n        \"userId\": 250,\n        \"description\": \"Xxxx在进行会议敲到排队等待中\"\n    },\n    {\n        \"meetingId\": 3,\n        \"type\": 1,\n        \"userId\": 208,\n        \"description\": \"Xxxx在进行会议敲到排队等待中\"\n    }\n]","options":{"raw":{"language":"json"}}},"url":{"raw":"{{url}}/register/batch","host":["{{url}}"],"path":["register","batch"]}},"response":[]},{"name":"{{url}}/register","id":"efc66b94-7c98-488a-b629-5915afa0e18b","protocolProfileBehavior":{"disableBodyPruning":true},"request":{"method":"GET","header":[{"key":"Authorization","value":"{{Authorization}}","type":"text"}],"url":{"raw":"{{url}}/register?id=1","host":["{{url}}"],"path":["register"],"query":[{"key":"id","value":"1"}]}},"response":[]},{"name":"{{url}}/register/detail","id":"eb577678-0acf-447b-98eb-c35bbf7cd81a","protocolProfileBehavior":{"disableBodyPruning":true},"request":{"method":"GET","header":[{"key":"Authorization","value":"{{Authorization}}","type":"text"}],"url":{"raw":"{{url}}/register/detail?id=1","host":["{{url}}"],"path":["register","detail"],"query":[{"key":"id","value":"1"}]}},"response":[]},{"name":"{{url}}/register/lists 查询签到列表","id":"60d05bdc-fe44-40a4-9161-9053501ef559","protocolProfileBehavior":{"disableBodyPruning":true},"request":{"method":"GET","header":[{"key":"Authorization","value":"{{Authorization}}","type":"text"}],"url":{"raw":"{{url}}/register/lists","host":["{{url}}"],"path":["register","lists"]}},"response":[]},{"name":"{{url}}/register/lists/conditions 条件查询签到列表","id":"d6c536a7-4640-4408-9301-3e8f3fc5af33","protocolProfileBehavior":{"disableBodyPruning":true},"request":{"method":"GET","header":[{"key":"Authorization","value":"{{Authorization}}","type":"text"}],"url":{"raw":"{{url}}/register/lists/conditions?meetingId=117","host":["{{url}}"],"path":["register","lists","conditions"],"query":[{"key":"meetingId","value":"117"}]}},"response":[]},{"name":"{{url}}/register/page/conditions 分页条件查询签到列表","id":"848d0f78-9c11-4ff7-8349-8b06900dfaa4","protocolProfileBehavior":{"disableBodyPruning":true},"request":{"method":"GET","header":[{"key":"Authorization","value":"{{Authorization}}","type":"text"}],"body":{"mode":"urlencoded","urlencoded":[]},"url":{"raw":"{{url}}/register/page/conditions?current=1&size=10&meetingId=3","host":["{{url}}"],"path":["register","page","conditions"],"query":[{"key":"current","value":"1"},{"key":"size","value":"10"},{"key":"meetingId","value":"3"},{"key":"name","value":"","type":"text","disabled":true}]}},"response":[]},{"name":"{{url}}/preparation 新增会议准备","id":"f745c943-068e-4d01-9164-1d78d45b996f","protocolProfileBehavior":{"disableBodyPruning":true},"request":{"method":"POST","header":[{"key":"Authorization","value":"{{Authorization}}","type":"text"}],"body":{"mode":"raw","raw":"{\n    \"name\": \"水果-芒果2\",\n    \"meetingId\": 2,\n    \"description\": \"用于标识会议参与人身份的标识牌\"\n}","options":{"raw":{"language":"json"}}},"url":{"raw":"{{url}}/preparation","host":["{{url}}"],"path":["preparation"]}},"response":[]},{"name":"{{url}}/preparation 删除byId","id":"c64a61be-f378-4723-b6c3-282b585a7ed1","protocolProfileBehavior":{"disableBodyPruning":true},"request":{"method":"DELETE","header":[{"key":"Authorization","value":"{{Authorization}}","type":"text"}],"url":{"raw":"{{url}}/preparation/2?id=1","host":["{{url}}"],"path":["preparation","2"],"query":[{"key":"id","value":"1"}]}},"response":[]},{"name":"{{url}}/preparation 修改","id":"e302c76b-610c-46f0-9d56-616f72319f79","protocolProfileBehavior":{"disableBodyPruning":true},"request":{"method":"PUT","header":[{"key":"Authorization","value":"{{Authorization}}","type":"text"}],"body":{"mode":"raw","raw":"{\n    \"id\": \"3\",\n    \"name\": \"水果-枣子2.0\",\n    \"meetingId\": 1,\n    \"userId\": 1,\n    \"description\": \"用于标识会议参与人身份的标识牌\"\n}","options":{"raw":{"language":"json"}}},"url":{"raw":"{{url}}/preparation","host":["{{url}}"],"path":["preparation"]}},"response":[]},{"name":"{{url}}/preparation 会议准备事项详情查询byId(单服务)","id":"4e01f3b6-cfe7-46bc-a54f-a4d78d6730be","protocolProfileBehavior":{"disableBodyPruning":true},"request":{"method":"GET","header":[{"key":"Authorization","value":"{{Authorization}}","type":"text"}],"url":{"raw":"{{url}}/preparation?id=1","host":["{{url}}"],"path":["preparation"],"query":[{"key":"id","value":"1"}]}},"response":[]},{"name":"{{url}}/preparation/detail 会议准备事项详情查询byId(跨服务)","id":"1abdf3d1-0613-43e8-a29f-f1602a274f61","protocolProfileBehavior":{"disableBodyPruning":true},"request":{"method":"GET","header":[{"key":"Authorization","value":"{{Authorization}}","type":"text"}],"url":{"raw":"{{url}}/preparation/detail?id=1","host":["{{url}}"],"path":["preparation","detail"],"query":[{"key":"id","value":"1"}]}},"response":[]},{"name":"{{url}}/preparation/lists","id":"a0ced563-9fac-4ca5-aa51-1c4ec50c9c94","protocolProfileBehavior":{"disableBodyPruning":true},"request":{"method":"GET","header":[{"key":"Authorization","value":"{{Authorization}}","type":"text"}],"url":{"raw":"{{url}}/preparation/lists","host":["{{url}}"],"path":["preparation","lists"]}},"response":[]},{"name":"{{url}}/preparation/lists/conditions","id":"e9c9f813-94a0-461c-b83c-5eb449e72e03","protocolProfileBehavior":{"disableBodyPruning":true},"request":{"method":"GET","header":[{"key":"Authorization","value":"{{Authorization}}","type":"text"}],"body":{"mode":"raw","raw":"","options":{"raw":{"language":"json"}}},"url":{"raw":"{{url}}/preparation/lists/conditions","host":["{{url}}"],"path":["preparation","lists","conditions"],"query":[{"key":"meetingId","value":"55","disabled":true}]}},"response":[]},{"name":"{{url}}/room  新增会议室","id":"089d3f49-0897-44e9-b2fc-207315fdb84d","protocolProfileBehavior":{"disableBodyPruning":true},"request":{"method":"POST","header":[{"key":"Authorization","value":"{{Authorization}}","type":"text"}],"body":{"mode":"raw","raw":"{\r\n    \"tenantId\": 1,\r\n    \"structureId\": 2,\r\n    \"name\": \"xx5\",\r\n    \"pricing\": \"12000.00\",\r\n    \"approveType\": \"0\",\r\n    \"openType\": \"1\",\r\n    \"seatingCapacity\": 200,\r\n    \"proportion\": 300\r\n}","options":{"raw":{"language":"json"}}},"url":{"raw":"{{url}}/room","host":["{{url}}"],"path":["room"]}},"response":[]},{"name":"{{url}}/room 删除会议室byId","id":"718ed9d7-2021-46c3-84c7-b292bb8ed604","protocolProfileBehavior":{"disableBodyPruning":true},"request":{"method":"DELETE","header":[{"key":"Authorization","value":"{{Authorization}}","type":"text"}],"url":{"raw":"{{url}}/room?id=2","host":["{{url}}"],"path":["room"],"query":[{"key":"id","value":"2"}]}},"response":[]},{"name":"{{url}}/room  修改会议室","id":"836d7cd1-b583-4b01-87c5-dbb6f215085f","protocolProfileBehavior":{"disableBodyPruning":true},"request":{"method":"PUT","header":[{"key":"Authorization","value":"{{Authorization}}","type":"text","disabled":true}],"body":{"mode":"raw","raw":"{\r\n    \"id\": 1,\r\n    \"tenantId\": 1,\r\n    \"structureId\": 2,\r\n    \"name\": \"xx\",\r\n    \"galleryful\": \"200\"\r\n}","options":{"raw":{"language":"json"}}},"url":{"raw":"{{url}}/room","host":["{{url}}"],"path":["room"]}},"response":[]},{"name":"{{url}}/room  根据id查询会议室详情(单服务）","id":"357b5bc9-075c-401e-8b4f-400804f74c9d","protocolProfileBehavior":{"disableBodyPruning":true},"request":{"method":"GET","header":[{"key":"Authorization","value":"{{Authorization}}","type":"text"}],"body":{"mode":"raw","raw":"","options":{"raw":{"language":"json"}}},"url":{"raw":"{{url}}/room?id=1","host":["{{url}}"],"path":["room"],"query":[{"key":"id","value":"1"}]}},"response":[]},{"name":"{{url}}/room/detail  根据id查询会议室详情(跨服务)","id":"ea144370-6deb-478d-a935-adba3c5e49f4","protocolProfileBehavior":{"disableBodyPruning":true},"request":{"method":"GET","header":[{"key":"Authorization","value":"{{Authorization}}","type":"text"}],"body":{"mode":"raw","raw":"","options":{"raw":{"language":"json"}}},"url":{"raw":"{{url}}/room/detail?id=1","host":["{{url}}"],"path":["room","detail"],"query":[{"key":"id","value":"1"}]}},"response":[]},{"name":"{{url}}/room/lists 无参查询会议室列表","id":"cf79d60c-cf10-415b-88ef-d5eba1517428","protocolProfileBehavior":{"disableBodyPruning":true},"request":{"method":"GET","header":[{"key":"Authorization","value":"{{Authorization}}","type":"text"}],"body":{"mode":"raw","raw":"","options":{"raw":{"language":"json"}}},"url":{"raw":"{{url}}/room/lists","host":["{{url}}"],"path":["room","lists"]}},"response":[]},{"name":"{{url}}/room/lists/conditions 条件查询会议室列表","id":"76f5ddbb-8a73-48dc-99e1-c25e80a9a9b5","protocolProfileBehavior":{"disableBodyPruning":true},"request":{"method":"GET","header":[{"key":"Authorization","value":"{{Authorization}}","type":"text"}],"body":{"mode":"raw","raw":"","options":{"raw":{"language":"json"}}},"url":{"raw":"{{url}}/room/lists/conditions","host":["{{url}}"],"path":["room","lists","conditions"]}},"response":[]},{"name":"{{url}}/room/page/conditions 条件分页查询会议室列表","id":"3bc579cc-c887-4c1c-9320-b31144f56d32","protocolProfileBehavior":{"disableBodyPruning":true},"request":{"method":"GET","header":[{"key":"Authorization","value":"{{Authorization}}","type":"text"}],"body":{"mode":"raw","raw":"","options":{"raw":{"language":"json"}}},"url":{"raw":"{{url}}/room/page/conditions","host":["{{url}}"],"path":["room","page","conditions"]}},"response":[]},{"name":"{{url}}/iotAppeal 新增申请（退款）","id":"c0cdce88-2f8a-443d-b6a7-659146312977","protocolProfileBehavior":{"disableBodyPruning":true},"request":{"method":"POST","header":[{"key":"Authorization","value":"{{Authorization}}","type":"text"}],"body":{"mode":"raw","raw":"{\r\n    \"name\": \"kk\",\r\n    \"tenantId\": 1,\r\n    \"type\": \"2\",\r\n    \"appealBy\": 11,\r\n    \"appealDescription\": \"12000.00\"\r\n}","options":{"raw":{"language":"json"}}},"url":{"raw":"{{url}}/iotAppeal","host":["{{url}}"],"path":["iotAppeal"]}},"response":[]},{"name":"{{url}}/iotAppeal 删除申请（退款）","id":"0560a490-8d1c-427c-96ba-45888e2a0ca8","protocolProfileBehavior":{"disableBodyPruning":true},"request":{"method":"DELETE","header":[{"key":"Authorization","value":"{{Authorization}}","type":"text"}],"body":{"mode":"raw","raw":"","options":{"raw":{"language":"json"}}},"url":{"raw":"{{url}}/iotAppeal?id","host":["{{url}}"],"path":["iotAppeal"],"query":[{"key":"id","value":null}]}},"response":[]},{"name":"{{url}}/iotAppeal 无参查询申请列表","id":"2cda786c-cfe4-41a0-a9c1-56cc4fbb62d3","protocolProfileBehavior":{"disableBodyPruning":true},"request":{"method":"GET","header":[{"key":"Authorization","value":"{{Authorization}}","type":"text"}],"body":{"mode":"raw","raw":"{\r\n    \"name\": 1,\r\n    \"tenantid\": 1,\r\n    \"type\": 2,\r\n    \"appealBy\": \"xx5\",\r\n    \"appealDescription\": \"12000.00\"\r\n}","options":{"raw":{"language":"json"}}},"url":{"raw":"{{url}}/iotAppeal/lists","host":["{{url}}"],"path":["iotAppeal","lists"]}},"response":[]}]}