{"info":{"_postman_id":"82ef73db-091f-430c-9716-16a6fdd55396","name":"铁四院 - 知识库","schema":"https://schema.getpostman.com/json/collection/v2.1.0/collection.json"},"item":[{"name":"192.168.1.176:9998/auth/oauth/token 用户登录（铁四院）","id":"e657ff6e-18a4-4ede-97c8-5470e1c2cc87","protocolProfileBehavior":{"disableBodyPruning":true},"request":{"method":"POST","header":[{"key":"Content-Type","name":"Content-Type","type":"text","value":"application/x-www-form-urlencoded"},{"key":"Authorization","type":"text","value":"Basic dGVzdDp0ZXN0"}],"body":{"mode":"urlencoded","urlencoded":[{"key":"username","type":"text","value":"admin"},{"description":"Ce7p5ve/6o3w8BDQwQkYbw==","key":"password","type":"text","value":"Ce7p5ve/6o3w8BDQwQkYbw=="},{"key":"grant_type","type":"text","value":"password"}]},"url":{"raw":"192.168.1.176:9998/auth/oauth/token","host":["192","168","1","176"],"port":"9998","path":["auth","oauth","token"]}},"response":[]},{"name":"temp-cate 添加业务分类","id":"16c360e2-4d72-4ff8-9eeb-5d033e8a94f8","protocolProfileBehavior":{"disableBodyPruning":true},"request":{"method":"POST","header":[{"key":"Authorization","type":"text","value":"{{Authorization}}"}],"body":{"mode":"raw","raw":"{\r\n    \"name\": \"火灾\",\r\n    \"description\": \"这是一个火灾的业务测试\"\r\n}","options":{"raw":{"language":"json"}}},"url":{"raw":"{{url}}/temp-cate","host":["{{url}}"],"path":["temp-cate"]}},"response":[]},{"name":"temp-cate 根据id（逻辑）删除业务分类","id":"4ed98885-c1bf-4c36-8d16-0bf868f0b398","protocolProfileBehavior":{"disableBodyPruning":true},"request":{"method":"DELETE","header":[{"key":"Authorization","type":"text","value":"{{Authorization}}","disabled":true}],"body":{"mode":"raw","raw":"","options":{"raw":{"language":"json"}}},"url":{"raw":"{{url}}/temp-cate","host":["{{url}}"],"path":["temp-cate"]}},"response":[]},{"name":"temp-cate 修改业务分类","id":"a4a96dd7-9a00-4933-ba50-836a0295fd09","protocolProfileBehavior":{"disableBodyPruning":true},"request":{"method":"PUT","header":[{"key":"Authorization","type":"text","value":"{{Authorization}}"}],"body":{"mode":"raw","raw":"{\r\n    \"id\": 3,\r\n    \"eventName\": \"奶茶翻车事件\",\r\n    \"modelId\": 101,\r\n    \"equipmentId\": 101,\r\n    \"product_id\": 101,\r\n    \"equipmentName\": \"设备2020\",\r\n    \"structureId\": \"21\",\r\n    \"structureName\": \"智慧创意园\",\r\n    \"context\": \"时间描述-时间描述-时间描述-时间描述-时间描述-时间描述-时间描述-时间描述-时间描述-时间描述\",\r\n    \"type\": 1,\r\n    \"tenantId\": 117,\r\n    \"reportingName\": \"赵无敌\",\r\n    \"reporting_phone\": \"18162319096\"\r\n}","options":{"raw":{"language":"json"}}},"url":{"raw":"{{url}}/temp-cate","host":["{{url}}"],"path":["temp-cate"]}},"response":[]},{"name":"temp-cate 根据id查询业务分类详情","id":"cf209d80-b2c6-4160-9d61-fa1f678db0a7","protocolProfileBehavior":{"disableBodyPruning":true},"request":{"method":"GET","header":[{"key":"Authorization","type":"text","value":"{{Authorization}}"}],"body":{"mode":"raw","raw":"","options":{"raw":{"language":"json"}}},"url":{"raw":"{{url}}/temp-cate?id=1","host":["{{url}}"],"path":["temp-cate"],"query":[{"key":"id","value":"1"}]}},"response":[]},{"name":"temp-cate/detail 根据id查询业务分类详情（跨服务）","id":"1b1f16d2-f21b-458a-bdd1-8d552f55c6d0","protocolProfileBehavior":{"disableBodyPruning":true},"request":{"method":"GET","header":[{"key":"Authorization","type":"text","value":"{{Authorization}}"}],"body":{"mode":"raw","raw":"","options":{"raw":{"language":"json"}}},"url":{"raw":"{{url}}/temp-cate/detail?id=1","host":["{{url}}"],"path":["temp-cate","detail"],"query":[{"key":"id","value":"1"}]}},"response":[]},{"name":"temp-cate/lists 无参查询业务分类列表","id":"abf59882-6bef-44b0-831a-0db31af52336","protocolProfileBehavior":{"disableBodyPruning":true},"request":{"method":"GET","header":[{"key":"Authorization","type":"text","value":"{{Authorization}}"}],"body":{"mode":"raw","raw":"{}","options":{"raw":{"language":"json"}}},"url":{"raw":"{{url}}/temp-cate/lists","host":["{{url}}"],"path":["temp-cate","lists"],"query":[{"key":"type","type":"text","value":null,"disabled":true},{"key":"modelId","value":"1","disabled":true}]}},"response":[]},{"name":"temp-cate/lists/conditions 条件询业务分类List","id":"14a2e25d-39c6-4b4c-8adc-f7f07827742f","protocolProfileBehavior":{"disableBodyPruning":true},"request":{"method":"GET","header":[{"key":"Authorization","type":"text","value":"{{Authorization}}"}],"body":{"mode":"raw","raw":"","options":{"raw":{"language":"json"}}},"url":{"raw":"{{url}}/temp-cate/lists/conditions","host":["{{url}}"],"path":["temp-cate","lists","conditions"],"query":[{"key":"name","value":"火","disabled":true},{"key":"status","value":"0","type":"text","disabled":true}]}},"response":[]},{"name":"temp-cate/page/conditions 条件查询业务分类Page","id":"9121d2f2-fccf-4d63-b760-674800b2f361","protocolProfileBehavior":{"disableBodyPruning":true},"request":{"method":"GET","header":[{"key":"Authorization","type":"text","value":"{{Authorization}}"}],"body":{"mode":"raw","raw":"","options":{"raw":{"language":"json"}}},"url":{"raw":"{{url}}/temp-cate/page/conditions","host":["{{url}}"],"path":["temp-cate","page","conditions"],"query":[{"key":"current","value":"1","disabled":true},{"key":"size","value":"10","disabled":true},{"key":"modelId","value":"1","disabled":true},{"key":"status","value":"","disabled":true}]}},"response":[]},{"name":"---------------------------------业务模板------------------------------------","id":"02b65f79-8619-4a75-9e78-fd67433ae69f","protocolProfileBehavior":{"disableBodyPruning":true},"request":{"method":"COPY","header":[],"url":{"raw":""}},"response":[]},{"name":"temp-ccurrency 新增业务模板","id":"7656f453-d4de-4cc7-b3f7-2a48a5b75c0b","protocolProfileBehavior":{"disableBodyPruning":true},"request":{"method":"POST","header":[{"key":"Authorization","type":"text","value":"{{Authorization}}"}],"body":{"mode":"raw","raw":"{\r\n    \"tempId\": 1,\r\n    \"cateId\": 1,\r\n    \"name\": \"水灾2\",\r\n    \"description\": \"这是一个水灾的业务测试\"\r\n}","options":{"raw":{"language":"json"}}},"url":{"raw":"{{url}}/temp-currency","host":["{{url}}"],"path":["temp-currency"]}},"response":[]},{"name":"temp-currency/lists 无参查询业务模板列表","id":"45bdc040-9dea-4a6d-8b3c-8f519d050ed7","protocolProfileBehavior":{"disableBodyPruning":true},"request":{"method":"GET","header":[{"key":"Authorization","type":"text","value":"{{Authorization}}"}],"body":{"mode":"raw","raw":"","options":{"raw":{"language":"json"}}},"url":{"raw":"{{url}}/temp-currency/lists","host":["{{url}}"],"path":["temp-currency","lists"]}},"response":[]},{"name":"temp-currency/lists/conditions 条件查询业务模板列表","id":"0ea2ec43-a7bd-4284-ac85-4daefc07bd10","protocolProfileBehavior":{"disableBodyPruning":true},"request":{"method":"GET","header":[{"key":"Authorization","type":"text","value":"{{Authorization}}"}],"body":{"mode":"raw","raw":"","options":{"raw":{"language":"json"}}},"url":{"raw":"{{url}}/temp-currency/lists/conditions","host":["{{url}}"],"path":["temp-currency","lists","conditions"],"query":[{"key":"name","value":"火","disabled":true}]}},"response":[]},{"name":"temp-currency/page/conditions 分页查询业务模板列表","id":"17ad5d98-a6e9-4363-9c9b-f8a748afad09","protocolProfileBehavior":{"disableBodyPruning":true},"request":{"method":"GET","header":[{"key":"Authorization","type":"text","value":"{{Authorization}}"}],"body":{"mode":"raw","raw":"","options":{"raw":{"language":"json"}}},"url":{"raw":"{{url}}/temp-currency/page/conditions","host":["{{url}}"],"path":["temp-currency","page","conditions"]}},"response":[]},{"name":"---------------------------业务模板功能配置----------------------------","id":"894a7778-a6b6-42f7-9f70-6897c1f35aad","protocolProfileBehavior":{"disableBodyPruning":true},"request":{"method":"COPY","header":[],"url":{"raw":""}},"response":[]},{"name":"temp-config 新增业务模板配置","id":"64b47e4b-079d-4c1a-8a67-e03ec45ede41","protocolProfileBehavior":{"disableBodyPruning":true},"request":{"method":"POST","header":[{"key":"Authorization","type":"text","value":"{{Authorization}}"}],"body":{"mode":"raw","raw":"{\r\n    {\r\n        \"tempId\": 1,\r\n        \"cateId\": 1,\r\n        \"name\": \"水灾2\",\r\n        \"description\": \"这是一个水灾的业务测试\"\r\n    },\r\n    {\r\n        \r\n    }\r\n}\r\n","options":{"raw":{"language":"json"}}},"url":{"raw":"{{url}}/temp-config","host":["{{url}}"],"path":["temp-config"]}},"response":[]},{"name":"temp-config 删除业务模板配置","id":"9ed77f47-08d6-493f-a340-e5643acab526","protocolProfileBehavior":{"disableBodyPruning":true},"request":{"method":"DELETE","header":[{"key":"Authorization","type":"text","value":"{{Authorization}}"}],"body":{"mode":"raw","raw":"","options":{"raw":{"language":"json"}}},"url":{"raw":"{{url}}/temp-config?id=1","host":["{{url}}"],"path":["temp-config"],"query":[{"key":"id","value":"1"}]}},"response":[]},{"name":"temp-config 修改业务模板配置","id":"395193ca-bd08-4520-8e3a-003b686ab30e","protocolProfileBehavior":{"disableBodyPruning":true},"request":{"method":"PUT","header":[{"key":"Authorization","type":"text","value":"{{Authorization}}"}],"body":{"mode":"raw","raw":"{\r\n    \"id\": 21,\r\n    \"tempId\": 1,\r\n    \"cateId\": 1,\r\n    \"name\": \"火灾\",\r\n    \"description\": \"这是一个水灾的业务测试\",\r\n    \"relationship\":\"22222222222\"\r\n}","options":{"raw":{"language":"json"}}},"url":{"raw":"{{url}}/temp-config","host":["{{url}}"],"path":["temp-config"]}},"response":[]},{"name":"temp-config 查询业务模板配置详情","id":"b85df13f-19d6-4c32-9e26-8d4e572a0317","protocolProfileBehavior":{"disableBodyPruning":true},"request":{"method":"GET","header":[{"key":"Authorization","type":"text","value":"{{Authorization}}"}],"body":{"mode":"raw","raw":"","options":{"raw":{"language":"json"}}},"url":{"raw":"{{url}}/temp-config?id=2","host":["{{url}}"],"path":["temp-config"],"query":[{"key":"id","value":"2"}]}},"response":[]},{"name":"temp-config/detail 查询业务模板配置详情（跨服务）","id":"954551ed-78b4-401c-b26b-b68116d1b88e","protocolProfileBehavior":{"disableBodyPruning":true},"request":{"method":"GET","header":[{"key":"Authorization","type":"text","value":"{{Authorization}}"}],"body":{"mode":"raw","raw":"","options":{"raw":{"language":"json"}}},"url":{"raw":"{{url}}/temp-config/detail?id=9","host":["{{url}}"],"path":["temp-config","detail"],"query":[{"key":"id","value":"9"}]}},"response":[]},{"name":"temp-config/lists 无参查询业务模板配置列表","id":"6d334ba1-ce1f-4691-a1e5-97ee87289208","protocolProfileBehavior":{"disableBodyPruning":true},"request":{"method":"GET","header":[{"key":"Authorization","type":"text","value":"{{Authorization}}"}],"body":{"mode":"raw","raw":"","options":{"raw":{"language":"json"}}},"url":{"raw":"{{url}}/temp-config/lists","host":["{{url}}"],"path":["temp-config","lists"]}},"response":[]},{"name":"temp-config/lists/conditions 条件查询业务模板配置列表","id":"3c2b26b3-e6ea-4070-983a-0edd8066dac5","protocolProfileBehavior":{"disableBodyPruning":true},"request":{"method":"GET","header":[{"key":"Authorization","type":"text","value":"{{Authorization}}"}],"body":{"mode":"raw","raw":"","options":{"raw":{"language":"json"}}},"url":{"raw":"{{url}}/temp-config/lists/conditions?tempId=7","host":["{{url}}"],"path":["temp-config","lists","conditions"],"query":[{"key":"tempId","value":"7"}]}},"response":[]},{"name":"temp-config/page/conditions 分页查询业务模板配置列表","id":"a4745947-b54e-4339-a57e-71ae041d78cc","protocolProfileBehavior":{"disableBodyPruning":true},"request":{"method":"GET","header":[{"key":"Authorization","type":"text","value":"{{Authorization}}"}],"body":{"mode":"raw","raw":"","options":{"raw":{"language":"json"}}},"url":{"raw":"{{url}}/temp-config/page/conditions","host":["{{url}}"],"path":["temp-config","page","conditions"]}},"response":[]},{"name":"temp-config-info 新增业务模板配置详情","id":"f5e3756e-dd15-4b51-b37e-31706127373d","protocolProfileBehavior":{"disableBodyPruning":true},"request":{"method":"POST","header":[{"key":"Authorization","type":"text","value":"{{Authorization}}"}],"body":{"mode":"raw","raw":"{\r\n    \"tempId\": 1,\r\n    \"cateId\": 1,\r\n    \"name\": \"水灾2\",\r\n    \"description\": \"这是一个水灾的业务测试\"\r\n}","options":{"raw":{"language":"json"}}},"url":{"raw":"{{url}}/temp-config-info","host":["{{url}}"],"path":["temp-config-info"]}},"response":[]},{"name":"temp-config-info/batch 批量新增业务模板配置详情","id":"0e500a9b-7f5f-4c1c-b59b-bb5b7f55d8b7","protocolProfileBehavior":{"disableBodyPruning":true},"request":{"method":"POST","header":[{"key":"Authorization","type":"text","value":"{{Authorization}}"}],"body":{"mode":"raw","raw":"{\r\n    \"tempConfigDTO\": {\r\n        \"tempId\": 1,\r\n        \"cateId\": 1,\r\n        \"name\": \"究极风暴灾害预警分析\",\r\n        \"description\": \"这是2020.11.30日的究极风暴灾害预警分析\",\r\n        \"relationship\": \"wwww\"\r\n    },\r\n    \"tempConfigInfoDTOList\": [\r\n        {\r\n            \"ruleType\": 1,\r\n            \"ruleId\": 1,\r\n            \"sort\": \"1\"\r\n        },\r\n        {\r\n            \"ruleType\": 2,\r\n            \"ruleId\": 2,\r\n            \"sort\": \"2\"\r\n        }\r\n    ]\r\n}","options":{"raw":{"language":"json"}}},"url":{"raw":"{{url}}/temp-config-info/batch","host":["{{url}}"],"path":["temp-config-info","batch"]}},"response":[]},{"name":"temp-config-info 删除业务模板配置详情","id":"b741af6f-7460-4e31-a71f-ee354c3ab8a1","protocolProfileBehavior":{"disableBodyPruning":true},"request":{"method":"DELETE","header":[{"key":"Authorization","type":"text","value":"{{Authorization}}"}],"body":{"mode":"raw","raw":"{\r\n    \"tempId\": 1,\r\n    \"cateId\": 1,\r\n    \"name\": \"水灾2\",\r\n    \"description\": \"这是一个水灾的业务测试\"\r\n}","options":{"raw":{"language":"json"}}},"url":{"raw":"{{url}}/temp-config-info","host":["{{url}}"],"path":["temp-config-info"]}},"response":[]},{"name":"temp-config-info 修改业务模板配置详情","id":"4a9a7c3b-a4d4-4c6b-b133-25d9dedab565","protocolProfileBehavior":{"disableBodyPruning":true},"request":{"method":"PUT","header":[{"key":"Authorization","type":"text","value":"{{Authorization}}"}],"body":{"mode":"raw","raw":"{\r\n    \"tempId\": 1,\r\n    \"cateId\": 1,\r\n    \"name\": \"水灾2\",\r\n    \"description\": \"这是一个水灾的业务测试\"\r\n}","options":{"raw":{"language":"json"}}},"url":{"raw":"{{url}}/temp-config-info","host":["{{url}}"],"path":["temp-config-info"]}},"response":[]},{"name":"temp-config-info/batch 批量修改业务模板配置详情","id":"c6158341-b6c8-42a4-9f10-3559c72905f0","protocolProfileBehavior":{"disableBodyPruning":true},"request":{"method":"PUT","header":[{"key":"Authorization","type":"text","value":"{{Authorization}}"}],"body":{"mode":"raw","raw":"{\r\n    \"tempConfigDTO\": {\r\n        \"id\":22,\r\n        \"tempId\": 1,\r\n        \"cateId\": 1,\r\n        \"name\": \"究极风暴灾害预警分析\",\r\n        \"description\": \"这是2020.11.30日的究极风暴灾害预警分析\",\r\n        \"relationship\": \"wwww\"\r\n    },\r\n    \"tempConfigInfoDTOList\": [\r\n        {\r\n            \"ruleType\": 1,\r\n            \"ruleId\": 1,\r\n            \"sourceId\": 111,\r\n            \"sort\": \"1\"\r\n        },\r\n        {\r\n            \"ruleType\": 2,\r\n            \"ruleId\": 2,\r\n            \"sort\": \"2\"\r\n        }\r\n    ]\r\n}","options":{"raw":{"language":"json"}}},"url":{"raw":"{{url}}/temp-config-info/batch","host":["{{url}}"],"path":["temp-config-info","batch"]}},"response":[]},{"name":"temp-config-info 查询业务模板配置详情","id":"79cce2e2-b57e-4ff2-8b4d-afcf7f89c696","protocolProfileBehavior":{"disableBodyPruning":true},"request":{"method":"GET","header":[{"key":"Authorization","type":"text","value":"{{Authorization}}"}],"body":{"mode":"raw","raw":"{\r\n    \"tempId\": 1,\r\n    \"cateId\": 1,\r\n    \"name\": \"水灾2\",\r\n    \"description\": \"这是一个水灾的业务测试\"\r\n}","options":{"raw":{"language":"json"}}},"url":{"raw":"{{url}}/temp-config-info?id=1","host":["{{url}}"],"path":["temp-config-info"],"query":[{"key":"id","value":"1"}]}},"response":[]},{"name":"temp-config-info/detail 查询业务模板配置详情（跨服务）","id":"95b683f9-4903-4a59-bf13-7155e6cff929","protocolProfileBehavior":{"disableBodyPruning":true},"request":{"method":"GET","header":[{"key":"Authorization","type":"text","value":"{{Authorization}}"}],"body":{"mode":"raw","raw":"","options":{"raw":{"language":"json"}}},"url":{"raw":"{{url}}/temp-config-info/detail?id=46","host":["{{url}}"],"path":["temp-config-info","detail"],"query":[{"key":"id","value":"46"}]}},"response":[]},{"name":"temp-config-info/default 据条件查询业务模板功能配置参数默认值","event":[{"listen":"test","script":{"id":"d85af7b7-7c12-4cac-9606-85da72bcb5a8","exec":[""],"type":"text/javascript"}}],"id":"1b6f239c-4021-4bfb-8be2-57667ddff06e","protocolProfileBehavior":{"disableBodyPruning":true},"request":{"method":"POST","header":[{"key":"Authorization","type":"text","value":"{{Authorization}}","disabled":true}],"body":{"mode":"raw","raw":"{\r\n    \"configId\":19,\r\n    \"ruleType\":\"1\",\r\n    \"ruleId\":19\r\n}","options":{"raw":{"language":"json"}}},"url":{"raw":"{{url}}/temp-config-info/default","host":["{{url}}"],"path":["temp-config-info","default"],"query":[{"key":"ConfigId","value":"46","disabled":true}]},"description":"{\r\n    \"configId\":47,\r\n    \"ruleType\":\"3\",\r\n    \"ruleId\":61\r\n}"},"response":[]},{"name":"temp-config-info/lists 无参查询业务模板配置详情列表","id":"3d1fbc81-5e5b-40c2-9374-7749fc872373","protocolProfileBehavior":{"disableBodyPruning":true},"request":{"method":"GET","header":[{"key":"Authorization","type":"text","value":"{{Authorization}}"}],"body":{"mode":"raw","raw":"{\r\n    \"tempId\": 1,\r\n    \"cateId\": 1,\r\n    \"name\": \"水灾2\",\r\n    \"description\": \"这是一个水灾的业务测试\"\r\n}","options":{"raw":{"language":"json"}}},"url":{"raw":"{{url}}/temp-config-info/lists","host":["{{url}}"],"path":["temp-config-info","lists"],"query":[{"key":"id","value":"1","disabled":true}]}},"response":[]},{"name":"temp-config-info/lists/conditions 条件查询业务模板配置详情列表","id":"c75b3ca3-a47f-46bc-87dd-1d7eafd5a8bd","protocolProfileBehavior":{"disableBodyPruning":true},"request":{"method":"GET","header":[{"key":"Authorization","type":"text","value":"{{Authorization}}"}],"body":{"mode":"raw","raw":"","options":{"raw":{"language":"json"}}},"url":{"raw":"{{url}}/temp-config-info/lists/conditions","host":["{{url}}"],"path":["temp-config-info","lists","conditions"],"query":[{"key":"id","value":"1","disabled":true}]}},"response":[]},{"name":"temp-config-info/page/conditions 分页查询业务模板配置详情列表","id":"4f0a0a8e-689f-45ea-a576-fd5532bd8ccf","protocolProfileBehavior":{"disableBodyPruning":true},"request":{"method":"GET","header":[{"key":"Authorization","type":"text","value":"{{Authorization}}"}],"body":{"mode":"raw","raw":"{\r\n    \"tempId\": 1,\r\n    \"cateId\": 1,\r\n    \"name\": \"水灾2\",\r\n    \"description\": \"这是一个水灾的业务测试\"\r\n}","options":{"raw":{"language":"json"}}},"url":{"raw":"{{url}}/temp-config-info/page/conditions","host":["{{url}}"],"path":["temp-config-info","page","conditions"],"query":[{"key":"id","value":"1","disabled":true}]}},"response":[]},{"name":"----------------------------引擎结果集实例化------------------------------","id":"88b02200-a7be-4119-9fb9-ab81d2f886d3","protocolProfileBehavior":{"disableBodyPruning":true},"request":{"method":"COPY","header":[],"url":{"raw":""}},"response":[]},{"name":"temp-config-value 新增业务模板功能配置结果集","id":"796f87de-f954-445a-b9fd-9feb1ddb1ca4","protocolProfileBehavior":{"disableBodyPruning":true},"request":{"method":"POST","header":[{"key":"Authorization","type":"text","value":"{{Authorization}}"}],"body":{"mode":"raw","raw":"{\r\n    \"tempId\": 27,\r\n    \"configId\": 42,\r\n    \"dateSourceType\": \"6\",\r\n    \"dateSourceId\": \"2\",\r\n    \"calculateType\": \"2\",\r\n    \"calculateId\": 18,\r\n    \"paramKey\": 11,\r\n    \"value\": \"1级\",\r\n    \"identification\": \"0\"\r\n}","options":{"raw":{"language":"json"}}},"url":{"raw":"{{url}}/temp-config-value","host":["{{url}}"],"path":["temp-config-value"]},"description":"{\r\n    \"tempId\": 19,\r\n    \"configId\": 1,\r\n    \"dateSourceType\": \"5\",\r\n    \"dateSourceId\": \"5\",\r\n    \"calculateType\": \"1\",\r\n    \"calculateId\": 18,\r\n    \"value\": \"IV 级 2015\"\r\n}\r\n\r\n\r\n{\r\n    \"tempId\": 19,\r\n    \"configId\": 2,\r\n    \"dateSourceType\": \"6\",\r\n    \"dateSourceId\": \"5\",\r\n    \"calculateType\": \"1\",\r\n    \"calculateId\": 18,\r\n    \"paramKey\": 19,\r\n    \"value\": \"水灾test6\"\r\n}\r\n\r\n{\r\n    \"tempId\": 27,\r\n    \"configId\": 42,\r\n    \"dateSourceType\": \"6\",\r\n    \"dateSourceId\": \"2\",\r\n    \"calculateType\": \"2\",\r\n    \"calculateId\": 18,\r\n    \"paramKey\": 11,\r\n    \"identification\": \"0\",\r\n    \"value\": \"I级\"\r\n}"},"response":[]},{"name":"temp-config-value/batch 批量新增业务模板功能配置结果集","id":"0d3b6d80-a369-4220-ae45-75858a337d7e","protocolProfileBehavior":{"disableBodyPruning":true},"request":{"method":"POST","header":[{"key":"Authorization","type":"text","value":"{{Authorization}}","disabled":true}],"body":{"mode":"raw","raw":"[\r\n    {\r\n        \"tempId\": 27,\r\n        \"configId\": 42,\r\n        \"dateSourceType\": \"6\",\r\n        \"dateSourceId\": \"2\",\r\n        \"calculateType\": \"2\",\r\n        \"calculateId\": 18,\r\n        \"paramKey\": 11,\r\n        \"value\": \"II级\",\r\n        \"identification\": \"0\"\r\n    }\r\n]","options":{"raw":{"language":"json"}}},"url":{"raw":"{{url}}/temp-config-value/batch","host":["{{url}}"],"path":["temp-config-value","batch"]},"description":"{\r\n    \"tempId\": 19,\r\n    \"configId\": 1,\r\n    \"dateSourceType\": \"5\",\r\n    \"dateSourceId\": \"5\",\r\n    \"calculateType\": \"1\",\r\n    \"calculateId\": 18,\r\n    \"value\": \"IV 级 2015\"\r\n}\r\n\r\n\r\n{\r\n    \"tempId\": 19,\r\n    \"configId\": 2,\r\n    \"dateSourceType\": \"6\",\r\n    \"dateSourceId\": \"5\",\r\n    \"calculateType\": \"1\",\r\n    \"calculateId\": 18,\r\n    \"paramKey\": 19,\r\n    \"value\": \"水灾test6\"\r\n}\r\n\r\n{\r\n    \"tempId\": 27,\r\n    \"configId\": 42,\r\n    \"dateSourceType\": \"6\",\r\n    \"dateSourceId\": \"2\",\r\n    \"calculateType\": \"2\",\r\n    \"calculateId\": 18,\r\n    \"paramKey\": 11,\r\n    \"identification\": \"0\",\r\n    \"value\": \"I级\"\r\n}"},"response":[]},{"name":"temp-config-value 删除业务模板功能配置结果集","id":"1e653bd3-e3cd-452f-8c10-c7e3f60a0223","protocolProfileBehavior":{"disableBodyPruning":true},"request":{"method":"DELETE","header":[{"key":"Authorization","type":"text","value":"{{Authorization}}"}],"body":{"mode":"raw","raw":"","options":{"raw":{"language":"json"}}},"url":{"raw":"{{url}}/temp-config-value?id=1","host":["{{url}}"],"path":["temp-config-value"],"query":[{"key":"id","value":"1"}]}},"response":[]},{"name":"temp-config-value 修改业务模板功能配置结果集","id":"4c14c463-254a-46f2-90b7-9158221888ab","protocolProfileBehavior":{"disableBodyPruning":true},"request":{"method":"PUT","header":[{"key":"Authorization","type":"text","value":"{{Authorization}}"}],"body":{"mode":"raw","raw":"","options":{"raw":{"language":"json"}}},"url":{"raw":"{{url}}/temp-config-value?id=1","host":["{{url}}"],"path":["temp-config-value"],"query":[{"key":"id","value":"1"}]}},"response":[]},{"name":"temp-config-value/detail 根据id查询业务模板功能配置结果集详情(跨服务)","id":"aa686329-5b07-4f2e-b2d8-dc348b526790","protocolProfileBehavior":{"disableBodyPruning":true},"request":{"method":"GET","header":[{"key":"Authorization","type":"text","value":"{{Authorization}}"}],"body":{"mode":"raw","raw":"","options":{"raw":{"language":"json"}}},"url":{"raw":"{{url}}/temp-config-value/detail?id=3","host":["{{url}}"],"path":["temp-config-value","detail"],"query":[{"key":"id","value":"3"}]}},"response":[]},{"name":"temp-config-value/lists 无参查询业务模板功能配置结果集列表","id":"b47d29fc-cc1f-42de-b9a1-b2f743a07b57","protocolProfileBehavior":{"disableBodyPruning":true},"request":{"method":"GET","header":[{"key":"Authorization","type":"text","value":"{{Authorization}}"}],"body":{"mode":"raw","raw":"","options":{"raw":{"language":"json"}}},"url":{"raw":"{{url}}/temp-config-value/lists?tempId=2","host":["{{url}}"],"path":["temp-config-value","lists"],"query":[{"key":"tempId","value":"2"}]}},"response":[]},{"name":"temp-config-value/lists/group 查询业务模板功能配置（当前组最新的）结果集List","id":"ef0cac35-cf5c-4a18-96ff-f4ee7a555474","protocolProfileBehavior":{"disableBodyPruning":true},"request":{"method":"GET","header":[{"key":"Authorization","type":"text","value":"{{Authorization}}"}],"body":{"mode":"raw","raw":"","options":{"raw":{"language":"json"}}},"url":{"raw":"{{url}}/temp-config-value/lists/group","host":["{{url}}"],"path":["temp-config-value","lists","group"],"query":[{"key":"tempId","value":"19","disabled":true}]}},"response":[]},{"name":"temp-config-value/lists/conditions 条件查询业务模板功能配置结果集列表","id":"20ebe83e-f2c0-4709-b424-572c6cd4e48b","protocolProfileBehavior":{"disableBodyPruning":true},"request":{"method":"GET","header":[{"key":"Authorization","type":"text","value":"{{Authorization}}"}],"body":{"mode":"raw","raw":"","options":{"raw":{"language":"json"}}},"url":{"raw":"{{url}}/temp-config-value/lists/conditions","host":["{{url}}"],"path":["temp-config-value","lists","conditions"],"query":[{"key":"tempId","value":"19","disabled":true}]}},"response":[]},{"name":"temp-config-value/trend/group 趋势分析（参数条件）","id":"51f29a0c-9cee-4074-b6a6-c8cea93f7e16","protocolProfileBehavior":{"disableBodyPruning":true},"request":{"method":"GET","header":[{"key":"Authorization","type":"text","value":"{{Authorization}}"}],"body":{"mode":"raw","raw":"","options":{"raw":{"language":"json"}}},"url":{"raw":"{{url}}/temp-config-value/trend/group?tempId=27","host":["{{url}}"],"path":["temp-config-value","trend","group"],"query":[{"key":"tempId","value":"27"},{"key":"cateId","value":"1","disabled":true}]}},"response":[]},{"name":"temp-config-value/trend 趋势分析","id":"ee6e7b68-32c8-4767-bf49-28c9ca14fec1","protocolProfileBehavior":{"disableBodyPruning":true},"request":{"method":"GET","header":[{"key":"Authorization","type":"text","value":"{{Authorization}}"}],"body":{"mode":"raw","raw":"","options":{"raw":{"language":"json"}}},"url":{"raw":"{{url}}/temp-config-value/trend?configId=27","host":["{{url}}"],"path":["temp-config-value","trend"],"query":[{"key":"configId","value":"27"}]}},"response":[]},{"name":"temp-config-value/trend/config 通过configId查询趋势分析（临时方案）","id":"965b40e5-256e-4aff-bfa7-660c02f3ab31","protocolProfileBehavior":{"disableBodyPruning":true},"request":{"method":"GET","header":[{"key":"Authorization","type":"text","value":"{{Authorization}}"}],"body":{"mode":"raw","raw":"","options":{"raw":{"language":"json"}}},"url":{"raw":"{{url}}/temp-config-value/trend/config?configIdList=65,66,68","host":["{{url}}"],"path":["temp-config-value","trend","config"],"query":[{"key":"configIdList","value":"65,66,68"}]}},"response":[]},{"name":"temp-config-value/config/lists 无参查询 趋势分析 配置List","id":"2ad81dee-1184-44bb-81be-d65a70dab866","protocolProfileBehavior":{"disableBodyPruning":true},"request":{"method":"GET","header":[{"key":"Authorization","type":"text","value":"{{Authorization}}"}],"body":{"mode":"raw","raw":"","options":{"raw":{"language":"json"}}},"url":{"raw":"{{url}}/temp-config-value/config/lists","host":["{{url}}"],"path":["temp-config-value","config","lists"]}},"response":[]},{"name":"---------------------------------计算引擎------------------------------------","id":"8c6e52c0-f879-4f9e-ba7a-28bfc5b9e4f7","protocolProfileBehavior":{"disableBodyPruning":true},"request":{"method":"COPY","header":[],"url":{"raw":""}},"response":[]},{"name":"calculate-currency 新增通用计算引擎","id":"37aafa81-9dcc-4325-89c9-abbf75b4d95b","protocolProfileBehavior":{"disableBodyPruning":true},"request":{"method":"POST","header":[{"key":"Authorization","type":"text","value":"{{Authorization}}"}],"body":{"mode":"raw","raw":"{\r\n    \"disasterSceneId\": 1,\r\n    \"disasterTypeId\": 1,\r\n    \"disasterAreaId\": 1,\r\n    \"name\": \"a-b通用计算引擎\",\r\n    \"formula\": \"a,b\",\r\n    \"description\": \"这是一个a-b通用计算引擎\"\r\n}","options":{"raw":{"language":"json"}}},"url":{"raw":"{{url}}/calculate-currency","host":["{{url}}"],"path":["calculate-currency"]}},"response":[]},{"name":"calculate-currency/batch 新增通用计算引擎(批量添加计算引擎参数)","id":"448c1eeb-2b68-432a-b2fc-c5bc04a90b16","protocolProfileBehavior":{"disableBodyPruning":true},"request":{"method":"POST","header":[{"key":"Authorization","type":"text","value":"{{Authorization}}"}],"body":{"mode":"raw","raw":"{\r\n    \"disasterSceneId\": 1,\r\n    \"disasterTypeId\": 1,\r\n    \"disasterAreaId\": 1,\r\n    \"name\": \"a/b通用计算引擎\",\r\n    \"formula\": \"a,b\",\r\n    \"description\": \"这是一个a-b通用计算引擎\",\r\n    \"calculateParamsDTOList\": [\r\n        {\r\n            \"paramType\": 1,\r\n            \"paramKey\": 21\r\n        },\r\n        {\r\n            \"paramType\": 1,\r\n            \"paramKey\": 22\r\n        },\r\n        {\r\n            \"paramType\": 0,\r\n            \"paramKey\": 22\r\n        }\r\n    ]\r\n}","options":{"raw":{"language":"json"}}},"url":{"raw":"{{url}}/calculate-currency/batch","host":["{{url}}"],"path":["calculate-currency","batch"]}},"response":[]},{"name":"calculate-currency 删除通用计算引擎","id":"78d3b817-1875-41ee-9598-4a6ce3cf668a","protocolProfileBehavior":{"disableBodyPruning":true},"request":{"method":"DELETE","header":[{"key":"Authorization","type":"text","value":"{{Authorization}}"}],"body":{"mode":"raw","raw":"","options":{"raw":{"language":"json"}}},"url":{"raw":"{{url}}/calculate-currency?id=1","host":["{{url}}"],"path":["calculate-currency"],"query":[{"key":"id","value":"1"}]}},"response":[]},{"name":"calculate-currency 修改通用计算引擎","id":"9d4e381d-b39f-40e9-a8e2-c454bb27a96d","protocolProfileBehavior":{"disableBodyPruning":true},"request":{"method":"PUT","header":[{"key":"Authorization","type":"text","value":"{{Authorization}}"}],"body":{"mode":"raw","raw":"{\r\n    \"id\": 1,\r\n    \"disasterSceneId\": 1,\r\n    \"disasterTypeId\": 1,\r\n    \"disasterAreaId\": 1,\r\n    \"name\": \"a-b通用计算引擎\",\r\n    \"formula\": \"a,b\",\r\n    \"description\": \"这是一个a-b通用计算引擎\"\r\n}","options":{"raw":{"language":"json"}}},"url":{"raw":"{{url}}/calculate-currency","host":["{{url}}"],"path":["calculate-currency"]}},"response":[]},{"name":"calculate-currency 查询通用计算引擎","id":"7895a74d-4a52-46b8-89df-abb68f19a002","protocolProfileBehavior":{"disableBodyPruning":true},"request":{"method":"GET","header":[{"key":"Authorization","type":"text","value":"{{Authorization}}"}],"body":{"mode":"raw","raw":"","options":{"raw":{"language":"json"}}},"url":{"raw":"{{url}}/calculate-currency?id=1","host":["{{url}}"],"path":["calculate-currency"],"query":[{"key":"id","value":"1"}]}},"response":[]},{"name":"calculate-currency/detail 查询通用计算引擎（跨服务）","id":"eccda4ad-1716-4074-add1-9ca677d6ae40","protocolProfileBehavior":{"disableBodyPruning":true},"request":{"method":"GET","header":[{"key":"Authorization","type":"text","value":"{{Authorization}}"}],"body":{"mode":"raw","raw":"","options":{"raw":{"language":"json"}}},"url":{"raw":"{{url}}/calculate-currency/detail?id=27","host":["{{url}}"],"path":["calculate-currency","detail"],"query":[{"key":"id","value":"27"}]}},"response":[]},{"name":"calculate-currency/lists 无参查询通用计算引擎列表","id":"7dd5c4b2-0d45-433f-a83c-4f05a8a49f07","protocolProfileBehavior":{"disableBodyPruning":true},"request":{"method":"GET","header":[{"key":"Authorization","type":"text","value":"{{Authorization}}"}],"body":{"mode":"raw","raw":"","options":{"raw":{"language":"json"}}},"url":{"raw":"{{url}}/calculate-currency/lists","host":["{{url}}"],"path":["calculate-currency","lists"],"query":[{"key":"current","value":"1","disabled":true},{"key":"size","value":"10","disabled":true}]}},"response":[]},{"name":"calculate-currency/lists/conditions 条件查询通用计算引擎列表","id":"8cd4723f-fa0c-4a7b-b57a-3c044c8a1be8","protocolProfileBehavior":{"disableBodyPruning":true},"request":{"method":"GET","header":[{"key":"Authorization","type":"text","value":"{{Authorization}}"}],"body":{"mode":"raw","raw":"","options":{"raw":{"language":"json"}}},"url":{"raw":"{{url}}/calculate-currency/lists/conditions","host":["{{url}}"],"path":["calculate-currency","lists","conditions"],"query":[{"key":"current","value":"1","disabled":true},{"key":"size","value":"10","disabled":true}]}},"response":[]},{"name":"calculate-currency/lists/label 根据标签idList查询（通用+镜像）计算引擎（并返回所有的标签信息）","id":"9ae88af8-f563-4260-b8bc-1102f33fb9a3","protocolProfileBehavior":{"disableBodyPruning":true},"request":{"method":"GET","header":[{"key":"Authorization","type":"text","value":"{{Authorization}}"}],"body":{"mode":"raw","raw":"","options":{"raw":{"language":"json"}}},"url":{"raw":"{{url}}/calculate-currency/lists/label?idList=5,16","host":["{{url}}"],"path":["calculate-currency","lists","label"],"query":[{"key":"idList","value":"5,16"}]}},"response":[]},{"name":"calculate-currency/lists/labels 根据标签idList查询（通用+镜像）计算引擎（并返回所有的标签信息） 【纯净版】","id":"f5757a13-1b5c-4fe0-a883-b4358f46199f","protocolProfileBehavior":{"disableBodyPruning":true},"request":{"method":"GET","header":[{"key":"Authorization","type":"text","value":"{{Authorization}}"}],"body":{"mode":"raw","raw":"","options":{"raw":{"language":"json"}}},"url":{"raw":"{{url}}/calculate-currency/lists/labels?idList=5,8","host":["{{url}}"],"path":["calculate-currency","lists","labels"],"query":[{"key":"idList","value":"5,8"}]}},"response":[]},{"name":"calculate-currency/page/conditions 分页查询通用计算引擎列表","id":"1827c155-962e-438c-b7a8-76ceff66e163","protocolProfileBehavior":{"disableBodyPruning":true},"request":{"method":"GET","header":[{"key":"Authorization","type":"text","value":"{{Authorization}}"}],"body":{"mode":"raw","raw":"","options":{"raw":{"language":"json"}}},"url":{"raw":"{{url}}/calculate-currency/page/conditions?current=1&size=10","host":["{{url}}"],"path":["calculate-currency","page","conditions"],"query":[{"key":"current","value":"1"},{"key":"size","value":"10"}]}},"response":[]},{"name":"calculate-currency/groovyTest 通用计算引擎计算公式测试","id":"70e0b422-b619-4c4c-a988-3fe383c30809","protocolProfileBehavior":{"disableBodyPruning":true},"request":{"method":"POST","header":[{"key":"Authorization","type":"text","value":"{{Authorization}}"}],"body":{"mode":"raw","raw":"{\r\n    \"params\": \"{\\\"params1\\\":\\\"1\\\",\\\"params2\\\":\\\"KK\\\"}\",\r\n    \"code\": \"import com.alibaba.fastjson.JSON; def toDo(vv){  def dd =null; vv = vv.split(\\\";\\\"); String a = vv[0];Map<String,String> map = JSON.parseObject(a); b = map.get(\\\"params2\\\"); try { dd = b; }catch (Exception e){ dd = c;}   \\r\\n        return \\\"$dd\\\"; }\"\r\n}","options":{"raw":{"language":"json"}}},"url":{"raw":"{{url}}/calculate-currency/groovyTest","host":["{{url}}"],"path":["calculate-currency","groovyTest"]},"description":"{\r\n    \"params\": \"11,22,55,45\",\r\n    \"code\": \"def toDo(vv){  def dd =null; vv = vv.split(\\\",\\\"); String a = vv[1];String b = vv[2]; try { Double varValue = Double.parseDouble(a) + Double.parseDouble(b); dd = varValue.toString(); }catch (Exception e){ dd = (Float.parseFloat(a) + Float.parseFloat(b)) + \\\"\\\";}   \\r\\n        return \\\"$dd\\\"; }\"\r\n}\r\n\r\n{\r\n    \"params\": \"{\\\"params1\\\":\\\"1\\\",\\\"params2\\\":\\\"KK\\\"}\",\r\n    \"code\": \"def toDo(vv){  def dd =null; try { dd = vv; }catch (Exception e){ dd = (Float.parseFloat(a) + Float.parseFloat(b)) + \\\"\\\";}   \\r\\n        return \\\"$dd\\\"; }\"\r\n}\r\n\r\n\r\n{\r\n    \"params\": \"{\\\"c\\\":\\\"11\\\",\\\"d\\\":\\\"22\\\"}\",\r\n    \"code\": \"import com.alibaba.fastjson.JSON; def toDo(vv){  def dd =null; JSONObject json = JSONObject.fromObject(vv[0]);Map<String, Object> map = (Map<String, Object>)json; String a = map.get(\\\"c\\\"); String b = map.get(\\\"d\\\");try { Double varValue = Double.parseDouble(a) + Double.parseDouble(b); dd = varValue.toString(); }catch (Exception e){ dd = (Float.parseFloat(a) + Float.parseFloat(b)) + \\\"\\\";}   \\r\\n        return \\\"$dd\\\"; }\"\r\n}"},"response":[]},{"name":"groovyTest 通用计算引擎计算公式测试  - Map 版","id":"fa3317c0-fbf2-4ec0-9d6a-72dde27b3441","protocolProfileBehavior":{"disableBodyPruning":true},"request":{"method":"POST","header":[{"key":"Authorization","type":"text","value":"{{Authorization}}"}],"body":{"mode":"raw","raw":"{\r\n    \"params\": \"{\\\"hw1\\\":\\\"39\\\",\\\"hw2\\\":\\\"37\\\",\\\"ηh\\\":\\\"1.2\\\",\\\"hz1\\\":\\\"120\\\",\\\"hz2\\\":\\\"100\\\"}\",\r\n    \"code\": \"import com.alibaba.fastjson.JSON; def toDo(vv){  def dd =null; vv = vv.split(\\\";\\\"); String a = vv[0];Map<String,String> map = JSON.parseObject(a);BigDecimal num1 = new BigDecimal(map.get(\\\"hw1\\\"));BigDecimal num2 = new BigDecimal(map.get(\\\"hw2\\\"));BigDecimal num3 = new BigDecimal(map.get(\\\"ηh\\\"));BigDecimal num4 = new BigDecimal(map.get(\\\"hz1\\\"));BigDecimal num5 = new BigDecimal(map.get(\\\"hz2\\\"));try { result1 = num1.subtract(num2);result2 = result1.multiply(num3);result3 = num4.subtract(num5);result4 = result2.divide(result3);dd = result4; }catch (Exception e){ dd = 0;}   \\r\\n        return \\\"$dd\\\"; }\"\r\n}","options":{"raw":{"language":"json"}}},"url":{"raw":"{{url}}/calculate-currency/groovyTest","host":["{{url}}"],"path":["calculate-currency","groovyTest"]},"description":"{\r\n    \"params\": \"11,22,55,45\",\r\n    \"code\": \"def toDo(vv){  def dd =null; vv = vv.split(\\\",\\\"); String a = vv[1];String b = vv[2]; try { Double varValue = Double.parseDouble(a) + Double.parseDouble(b); dd = varValue.toString(); }catch (Exception e){ dd = (Float.parseFloat(a) + Float.parseFloat(b)) + \\\"\\\";}   \\r\\n        return \\\"$dd\\\"; }\"\r\n}\r\n\r\n{\r\n    \"params\": \"{\\\"params1\\\":\\\"1\\\",\\\"params2\\\":\\\"KK\\\"}\",\r\n    \"code\": \"def toDo(vv){  def dd =null; try { dd = vv; }catch (Exception e){ dd = (Float.parseFloat(a) + Float.parseFloat(b)) + \\\"\\\";}   \\r\\n        return \\\"$dd\\\"; }\"\r\n}\r\n\r\n\r\n{\r\n    \"params\": \"{\\\"c\\\":\\\"11\\\",\\\"d\\\":\\\"22\\\"}\",\r\n    \"code\": \"import com.alibaba.fastjson.JSON; def toDo(vv){  def dd =null; JSONObject json = JSONObject.fromObject(vv[0]);Map<String, Object> map = (Map<String, Object>)json; String a = map.get(\\\"c\\\"); String b = map.get(\\\"d\\\");try { Double varValue = Double.parseDouble(a) + Double.parseDouble(b); dd = varValue.toString(); }catch (Exception e){ dd = (Float.parseFloat(a) + Float.parseFloat(b)) + \\\"\\\";}   \\r\\n        return \\\"$dd\\\"; }\"\r\n}"},"response":[]},{"name":"groovyTest 通用计算引擎计算公式测试 - String基础版","id":"adfa0c5c-2159-41a2-9143-6ca1de0db418","protocolProfileBehavior":{"disableBodyPruning":true},"request":{"method":"POST","header":[{"key":"Authorization","type":"text","value":"{{Authorization}}"}],"body":{"mode":"raw","raw":"{\r\n    \"params\": \"39,37,1.2,120,100\",\r\n    \"code\": \"def toDo(vv){def dd =null; vv = vv.split(\\\",\\\");BigDecimal num1 = new BigDecimal(vv[0]);BigDecimal num2 = new BigDecimal(vv[1]);BigDecimal num3 = new BigDecimal(vv[2]);BigDecimal num4 = new BigDecimal(vv[3]);BigDecimal num5 = new BigDecimal(vv[4]);try { result1 = num1.subtract(num2);result2 = result1.multiply(num3);result3 = num4.subtract(num5);result4 = result2.divide(result3);dd = result4; }catch (Exception e){ dd = 0;}   \\r\\n        return \\\"$dd\\\"; }\"\r\n}","options":{"raw":{"language":"json"}}},"url":{"raw":"{{url}}/calculate-currency/groovyTest","host":["{{url}}"],"path":["calculate-currency","groovyTest"]},"description":"{\r\n    \"params\": \"11,22,55,45\",\r\n    \"code\": \"def toDo(vv){  def dd =null; vv = vv.split(\\\",\\\"); String a = vv[1];String b = vv[2]; try { Double varValue = Double.parseDouble(a) + Double.parseDouble(b); dd = varValue.toString(); }catch (Exception e){ dd = (Float.parseFloat(a) + Float.parseFloat(b)) + \\\"\\\";}   \\r\\n        return \\\"$dd\\\"; }\"\r\n}\r\n\r\n{\r\n    \"params\": \"{\\\"params1\\\":\\\"1\\\",\\\"params2\\\":\\\"KK\\\"}\",\r\n    \"code\": \"def toDo(vv){  def dd =null; try { dd = vv; }catch (Exception e){ dd = (Float.parseFloat(a) + Float.parseFloat(b)) + \\\"\\\";}   \\r\\n        return \\\"$dd\\\"; }\"\r\n}\r\n\r\n\r\n{\r\n    \"params\": \"{\\\"c\\\":\\\"11\\\",\\\"d\\\":\\\"22\\\"}\",\r\n    \"code\": \"import com.alibaba.fastjson.JSON; def toDo(vv){  def dd =null; JSONObject json = JSONObject.fromObject(vv[0]);Map<String, Object> map = (Map<String, Object>)json; String a = map.get(\\\"c\\\"); String b = map.get(\\\"d\\\");try { Double varValue = Double.parseDouble(a) + Double.parseDouble(b); dd = varValue.toString(); }catch (Exception e){ dd = (Float.parseFloat(a) + Float.parseFloat(b)) + \\\"\\\";}   \\r\\n        return \\\"$dd\\\"; }\"\r\n}"},"response":[]},{"name":"calculate-currency/execute 通用计算引擎计算公式执行","id":"370a6104-25e5-44d7-b133-836109e63854","protocolProfileBehavior":{"disableBodyPruning":true},"request":{"method":"POST","header":[{"key":"Authorization","type":"text","value":"{{Authorization}}"}],"body":{"mode":"raw","raw":"{\r\n    \"id\": 27,\r\n    \"params\": \"11.3333333,2.1\",\r\n    \"code\": \"def toDo(vv){  def dd =null; vv = vv.split(\\\",\\\"); String a = vv[0];String b = vv[1];BigDecimal num1 = new BigDecimal(a);BigDecimal num2 = new BigDecimal(b);BigDecimal num3 = null; try { num3 = num1.subtract(num2); dd = num3.toString(); }catch (Exception e){ dd = (Float.parseFloat(a) + Float.parseFloat(b)) + \\\"\\\";}   \\r\\n        return \\\"$dd\\\"; }\"\r\n}","options":{"raw":{"language":"json"}}},"url":{"raw":"{{url}}/calculate-currency/execute","host":["{{url}}"],"path":["calculate-currency","execute"]}},"response":[]},{"name":"localhost:4021/test/execute 本地计算引擎推理引擎Kafka测试","id":"fc7674ae-f1bb-4696-b4a1-b3cd624b3788","protocolProfileBehavior":{"disableBodyPruning":true},"request":{"method":"POST","header":[{"key":"Authorization","value":"{{Authorization}}","type":"text"}],"body":{"mode":"raw","raw":"{\r\n    \"paramSource\": \"1\",\r\n    \"data\": [\r\n        {\r\n            \"paramId\": 5,\r\n            \"paramValue\": 0.6,\r\n            \"paramCode\": \"h0\"\r\n        },\r\n        {\r\n            \"paramId\": 6,\r\n            \"paramValue\": 0.33,\r\n            \"paramCode\": \"hs\"\r\n        }\r\n    ]\r\n}","options":{"raw":{"language":"json"}}},"url":{"raw":"{{url}}/test/execute/bus_mh1","host":["{{url}}"],"path":["test","execute","bus_mh1"]},"description":"[\r\n    {\r\n        \"paramId\": 6,\r\n        \"paramValue\": 0.6\r\n    },\r\n    {\r\n        \"paramId\": 7,\r\n        \"paramValue\": -0.111\r\n    },\r\n    {\r\n        \"paramId\": 5,\r\n        \"paramValue\": 0.45\r\n    }\r\n]"},"response":[]},{"name":"---------------------------------镜像计算引擎------------------------------------","id":"ea32078a-f25f-411a-b26d-514b20ad036b","protocolProfileBehavior":{"disableBodyPruning":true},"request":{"method":"COPY","header":[],"url":{"raw":""}},"response":[]},{"name":"calculate-image 新增镜像计算引擎","id":"81bc20ce-a5a8-4bf9-96f6-9fba5c60f426","protocolProfileBehavior":{"disableBodyPruning":true},"request":{"method":"POST","header":[{"key":"Authorization","type":"text","value":"{{Authorization}}"}],"body":{"mode":"raw","raw":"{\r\n    \"disasterSceneId\": 1,\r\n    \"disasterTypeId\": 1,\r\n    \"disasterAreaId\": 1,\r\n    \"name\": \"长江武汉区域水位监测计算引擎\",\r\n    \"imageUrl\": \"www.baidu.com\",\r\n    \"description\": \"这是一个三峡大坝水位监测计算引擎\"\r\n}","options":{"raw":{"language":"json"}}},"url":{"raw":"{{url}}/calculate-image","host":["{{url}}"],"path":["calculate-image"]}},"response":[]},{"name":"calculate-image/batch 新增镜像计算引擎(批量添加计算引擎参数)","id":"407a03ea-6b18-40f8-8a55-9e23f64e8207","protocolProfileBehavior":{"disableBodyPruning":true},"request":{"method":"POST","header":[{"key":"Authorization","type":"text","value":"{{Authorization}}"}],"body":{"mode":"raw","raw":"{\r\n    \"disasterSceneId\": 1,\r\n    \"disasterTypeId\": 1,\r\n    \"disasterAreaId\": 1,\r\n    \"name\": \"长江武汉区域水位监测镜像计算引擎\",\r\n    \"imageUrl\": \"www.baidu.com\",\r\n    \"disasterCode\": \"xxx\",\r\n    \"description\": \"这是一个三峡大坝水位监测计算引擎\",\r\n    \"calculateParamsDTOList\": [\r\n        {\r\n            \"paramType\": 1,\r\n            \"paramKey\": 21\r\n        },\r\n        {\r\n            \"paramType\": 1,\r\n            \"paramKey\": 22\r\n        },\r\n        {\r\n            \"paramType\": 0,\r\n            \"paramKey\": 22\r\n        }\r\n    ]\r\n}","options":{"raw":{"language":"json"}}},"url":{"raw":"{{url}}/calculate-image/batch","host":["{{url}}"],"path":["calculate-image","batch"]}},"response":[]},{"name":"calculate-image 删除镜像计算引擎","id":"a18d6d18-16c5-461a-9006-b3115d2df9e7","protocolProfileBehavior":{"disableBodyPruning":true},"request":{"method":"DELETE","header":[{"key":"Authorization","type":"text","value":"{{Authorization}}"}],"body":{"mode":"raw","raw":"","options":{"raw":{"language":"json"}}},"url":{"raw":"{{url}}/calculate-image?id=1","host":["{{url}}"],"path":["calculate-image"],"query":[{"key":"id","value":"1"}]}},"response":[]},{"name":"calculate-image 修改镜像计算引擎","id":"67413e5c-31ee-46fe-aaa8-788c8ecbec6b","protocolProfileBehavior":{"disableBodyPruning":true},"request":{"method":"PUT","header":[{"key":"Authorization","type":"text","value":"{{Authorization}}"}],"body":{"mode":"raw","raw":"{\r\n    \"id\": 9,\r\n    \"disasterSceneId\": 1,\r\n    \"disasterTypeId\": 1,\r\n    \"disasterAreaId\": 1,\r\n    \"name\": \"长江武汉区域水位监测计算引擎2\",\r\n    \"imageUrl\": \"www.baidu.com\",\r\n    \"description\": \"这是一个长江武汉区域水位监测计算引擎\",\r\n    \"calculateParamsDTOList\": [\r\n        {\r\n            \"paramType\": 1,\r\n            \"paramKey\": 21\r\n        },\r\n        {\r\n            \"paramType\": 1,\r\n            \"paramKey\": 22\r\n        },\r\n        {\r\n            \"paramType\": 0,\r\n            \"paramKey\": 22\r\n        }\r\n    ]\r\n}","options":{"raw":{"language":"json"}}},"url":{"raw":"{{url}}/calculate-image","host":["{{url}}"],"path":["calculate-image"]}},"response":[]},{"name":"calculate-image 查询镜像计算引擎","id":"67fcad1b-5e93-4d77-8aa5-47d37969d1c4","protocolProfileBehavior":{"disableBodyPruning":true},"request":{"method":"GET","header":[{"key":"Authorization","type":"text","value":"{{Authorization}}"}],"body":{"mode":"raw","raw":"","options":{"raw":{"language":"json"}}},"url":{"raw":"{{url}}/calculate-image?id=1","host":["{{url}}"],"path":["calculate-image"],"query":[{"key":"id","value":"1"}]}},"response":[]},{"name":"calculate-image/detail 查询镜像计算引擎（跨服务）","id":"057e8e7a-face-43a8-b076-f5768b2e0969","protocolProfileBehavior":{"disableBodyPruning":true},"request":{"method":"GET","header":[{"key":"Authorization","type":"text","value":"{{Authorization}}"}],"body":{"mode":"raw","raw":"","options":{"raw":{"language":"json"}}},"url":{"raw":"{{url}}/calculate-image/detail?id=19&paramType=1","host":["{{url}}"],"path":["calculate-image","detail"],"query":[{"key":"id","value":"19"},{"key":"paramType","value":"1","type":"text"}]}},"response":[]},{"name":"calculate-image/lists 无参查询镜像计算引擎列表","id":"10abb7b1-39fc-4dc7-a6a6-090286e726c1","protocolProfileBehavior":{"disableBodyPruning":true},"request":{"method":"GET","header":[{"key":"Authorization","type":"text","value":"{{Authorization}}"}],"body":{"mode":"raw","raw":"","options":{"raw":{"language":"json"}}},"url":{"raw":"{{url}}/calculate-image/lists","host":["{{url}}"],"path":["calculate-image","lists"]}},"response":[]},{"name":"calculate-image/lists/conditions 条件查询镜像计算引擎列表","id":"15d2bbf9-369d-4e68-bf17-3b7318215453","protocolProfileBehavior":{"disableBodyPruning":true},"request":{"method":"GET","header":[{"key":"Authorization","type":"text","value":"{{Authorization}}"}],"body":{"mode":"raw","raw":"","options":{"raw":{"language":"json"}}},"url":{"raw":"{{url}}/calculate-image/lists/conditions","host":["{{url}}"],"path":["calculate-image","lists","conditions"]}},"response":[]},{"name":"calculate-image/page/conditions 分页查询镜像计算引擎列表","id":"c27f5e3a-8f8f-4870-a11f-702291b175c0","protocolProfileBehavior":{"disableBodyPruning":true},"request":{"method":"GET","header":[{"key":"Authorization","type":"text","value":"{{Authorization}}"}],"body":{"mode":"raw","raw":"","options":{"raw":{"language":"json"}}},"url":{"raw":"{{url}}/calculate-image/page/conditions","host":["{{url}}"],"path":["calculate-image","page","conditions"]}},"response":[]},{"name":"ws://192.168.1.176:9888/websocket 数据推送","id":"6ee36e32-3faa-4e7d-be68-b97b7b3d5333","protocolProfileBehavior":{"disableBodyPruning":true},"request":{"method":"GET","header":[{"key":"Authorization","type":"text","value":"{{Authorization}}"}],"body":{"mode":"raw","raw":"","options":{"raw":{"language":"json"}}},"url":{"raw":"ws://192.168.1.176:9888/websocket?tempId=19","protocol":"ws","host":["192","168","1","176"],"port":"9888","path":["websocket"],"query":[{"key":"tempId","value":"19"}]}},"response":[]},{"name":"calculate-params/lists/conditions 条件查询计算引擎参数列表【 No permission】","id":"a745cf52-d353-4a1f-b1a2-9aa6ed3c398a","protocolProfileBehavior":{"disableBodyPruning":true},"request":{"method":"GET","header":[{"key":"Authorization","type":"text","value":"{{Authorization}}"}],"body":{"mode":"raw","raw":"","options":{"raw":{"language":"json"}}},"url":{"raw":"{{url}}/calculate-params/lists/conditions?calculateId=19&calculateType=0","host":["{{url}}"],"path":["calculate-params","lists","conditions"],"query":[{"key":"calculateId","value":"19"},{"key":"calculateType","value":"0"}]}},"response":[]}]}