{"info":{"_postman_id":"8429f885-a0dd-4a6a-91fb-d8fcf502bdb8","name":"role","schema":"https://schema.getpostman.com/json/collection/v2.1.0/collection.json"},"item":[{"name":"localhost:4000/user/user-info/{userId} 通过id查询用户详情信息","id":"920b5f44-4491-4135-b772-34f397dd12e0","protocolProfileBehavior":{"disableBodyPruning":true},"request":{"method":"GET","header":[],"url":{"raw":"localhost:4000/user/user-info/2","host":["localhost"],"port":"4000","path":["user","user-info","2"]}},"response":[]}]}