{"info":{"_postman_id":"86b945a7-e066-4511-8ece-bd02f2e5765b","name":"物联网 - 智慧办公室 - Office","schema":"https://schema.getpostman.com/json/collection/v2.1.0/collection.json"},"item":[{"name":"{{url}}/office 新增办公室","id":"28c74c50-4b62-4fae-97bd-30cdad2b71aa","protocolProfileBehavior":{"disableBodyPruning":true},"request":{"method":"POST","header":[{"key":"Authorization","value":"{{Authorization}}","type":"text","disabled":true}],"body":{"mode":"raw","raw":"{\n    \"tenantId\": 1,\n    \"typeId\": 2,\n    \"name\": \"电脑椅子2\",\n    \"price\": \"1200\",\n    \"attribute\": \"0\"\n}","options":{"raw":{"language":"json"}}},"url":{"raw":"{{url}}/office","host":["{{url}}"],"path":["office"]}},"response":[]},{"name":"{{url}}/office 删除办公室","id":"caa67cba-3d51-4069-8b3d-cc9da055f0a3","protocolProfileBehavior":{"disableBodyPruning":true},"request":{"method":"DELETE","header":[{"key":"Authorization","value":"{{Authorization}}","type":"text","disabled":true}],"body":{"mode":"raw","raw":"{\n    \"tenantId\": 1,\n    \"typeId\": 2,\n    \"name\": \"电脑椅子2\",\n    \"price\": \"1200\",\n    \"attribute\": \"0\"\n}","options":{"raw":{"language":"json"}}},"url":{"raw":"{{url}}/office","host":["{{url}}"],"path":["office"]}},"response":[]},{"name":"{{url}}/office/detail 查询办公室详情(跨服务)","id":"9b582a0f-0b47-4c21-b5ad-67789aa8ba49","protocolProfileBehavior":{"disableBodyPruning":true},"request":{"method":"GET","header":[{"key":"Authorization","value":"{{Authorization}}","type":"text"}],"body":{"mode":"raw","raw":"","options":{"raw":{"language":"json"}}},"url":{"raw":"{{url}}/office/detail?id=24","host":["{{url}}"],"path":["office","detail"],"query":[{"key":"id","value":"24"}]}},"response":[]},{"name":"{{url}}/office/lists/conditions 条件查询办公室","id":"22f09990-91e2-4ebc-9705-3cc281a2b52e","protocolProfileBehavior":{"disableBodyPruning":true},"request":{"method":"GET","header":[{"key":"Authorization","value":"{{Authorization}}","type":"text"}],"body":{"mode":"raw","raw":"","options":{"raw":{"language":"json"}}},"url":{"raw":"{{url}}/office/lists/conditions","host":["{{url}}"],"path":["office","lists","conditions"],"query":[{"key":"id","value":"1","disabled":true}]}},"response":[]},{"name":"{{url}}/office/page/conditions 分页条件查询办公室","id":"6bbd37c5-e567-4d73-b962-7cd79ee6589f","protocolProfileBehavior":{"disableBodyPruning":true},"request":{"method":"GET","header":[{"key":"Authorization","value":"{{Authorization}}","type":"text"}],"body":{"mode":"raw","raw":"","options":{"raw":{"language":"json"}}},"url":{"raw":"{{url}}/office/page/conditions","host":["{{url}}"],"path":["office","page","conditions"],"query":[{"key":"id","value":"1","disabled":true}]}},"response":[]},{"name":"{{url}}/facilities 新增设施设备","id":"72652039-d991-48f0-a274-99e241385794","protocolProfileBehavior":{"disableBodyPruning":true},"request":{"method":"POST","header":[{"key":"Authorization","value":"{{Authorization}}","type":"text","disabled":true}],"body":{"mode":"raw","raw":"{\n    \"tenantId\": 1,\n    \"typeId\": 2,\n    \"name\": \"电脑椅子2\",\n    \"price\": \"1200\",\n    \"attribute\": \"0\"\n}","options":{"raw":{"language":"json"}}},"url":{"raw":"{{url}}/facilities","host":["{{url}}"],"path":["facilities"]}},"response":[]},{"name":"{{url}}/facilities 删除设施设备","id":"944e3d01-afbc-41c4-ba9f-f81d8a66d955","protocolProfileBehavior":{"disableBodyPruning":true},"request":{"method":"DELETE","header":[{"key":"Authorization","value":"{{Authorization}}","type":"text","disabled":true}],"body":{"mode":"raw","raw":"","options":{"raw":{"language":"json"}}},"url":{"raw":"{{url}}/facilities?id=4","host":["{{url}}"],"path":["facilities"],"query":[{"key":"id","value":"4"}]}},"response":[]},{"name":"{{url}}/facilities 修改设施设备","id":"f8ba0a33-5b29-4de1-a207-eccb7e65a85b","protocolProfileBehavior":{"disableBodyPruning":true},"request":{"method":"PUT","header":[{"key":"Authorization","value":"{{Authorization}}","type":"text","disabled":true}],"body":{"mode":"raw","raw":"{\n    \"id\": 3,\n    \"tenantId\": 1,\n    \"typeId\": 2,\n    \"name\": \"电脑椅子2\",\n    \"price\": \"1300\",\n    \"attribute\": \"0\"\n}","options":{"raw":{"language":"json"}}},"url":{"raw":"{{url}}/facilities","host":["{{url}}"],"path":["facilities"]}},"response":[]},{"name":"{{url}}/facilities 查询设施设备","id":"fdf27f4b-6f6e-4345-ad12-2696ea9cee69","protocolProfileBehavior":{"disableBodyPruning":true},"request":{"method":"GET","header":[{"key":"Authorization","value":"{{Authorization}}","type":"text"}],"body":{"mode":"raw","raw":"","options":{"raw":{"language":"json"}}},"url":{"raw":"{{url}}/facilities?id=1","host":["{{url}}"],"path":["facilities"],"query":[{"key":"id","value":"1"}]}},"response":[]},{"name":"{{url}}/facilities/detail 查询设施设备详情(跨服务)","id":"5040cb00-d30e-4106-be90-7b218021726e","protocolProfileBehavior":{"disableBodyPruning":true},"request":{"method":"GET","header":[{"key":"Authorization","value":"{{Authorization}}","type":"text"}],"body":{"mode":"raw","raw":"","options":{"raw":{"language":"json"}}},"url":{"raw":"{{url}}/facilities/detail?id=19","host":["{{url}}"],"path":["facilities","detail"],"query":[{"key":"id","value":"19"}]}},"response":[]},{"name":"{{url}}/facilities/lists/conditions 条件查询设施设备","id":"d707d2b8-622a-4f25-9119-4426ce7f08e2","protocolProfileBehavior":{"disableBodyPruning":true},"request":{"method":"GET","header":[{"key":"Authorization","value":"{{Authorization}}","type":"text"}],"body":{"mode":"raw","raw":"","options":{"raw":{"language":"json"}}},"url":{"raw":"{{url}}/facilities/lists/conditions","host":["{{url}}"],"path":["facilities","lists","conditions"],"query":[{"key":"id","value":"1","disabled":true}]}},"response":[]},{"name":"{{url}}/facilities/page/conditions 分页条件查询设施设备","id":"ade7a029-249d-4759-adb0-b0a45cf183d8","protocolProfileBehavior":{"disableBodyPruning":true},"request":{"method":"GET","header":[{"key":"Authorization","value":"{{Authorization}}","type":"text"}],"body":{"mode":"raw","raw":"","options":{"raw":{"language":"json"}}},"url":{"raw":"{{url}}/facilities/page/conditions","host":["{{url}}"],"path":["facilities","page","conditions"],"query":[{"key":"id","value":"1","disabled":true}]}},"response":[]},{"name":"{{url}}/label/detail 查询标签详情(跨服务)","id":"d053e4b4-98bd-4468-9caf-71cf311cf2d5","protocolProfileBehavior":{"disableBodyPruning":true},"request":{"method":"GET","header":[{"key":"Authorization","value":"{{Authorization}}","type":"text"}],"body":{"mode":"raw","raw":"","options":{"raw":{"language":"json"}}},"url":{"raw":"{{url}}/label/detail?id=28","host":["{{url}}"],"path":["label","detail"],"query":[{"key":"id","value":"28"}]}},"response":[]},{"name":"{{url}}/label/lists/conditions 条件查询标签","id":"e626d560-9364-4eef-8d3f-bbcceef6556c","protocolProfileBehavior":{"disableBodyPruning":true},"request":{"method":"GET","header":[{"key":"Authorization","value":"{{Authorization}}","type":"text"}],"body":{"mode":"raw","raw":"","options":{"raw":{"language":"json"}}},"url":{"raw":"{{url}}/label/lists/conditions","host":["{{url}}"],"path":["label","lists","conditions"]}},"response":[]},{"name":"{{url}}/label/page/conditions 分页条件查询标签","id":"cf209bb1-3f3c-4487-beb3-6679f13741c3","protocolProfileBehavior":{"disableBodyPruning":true},"request":{"method":"GET","header":[{"key":"Authorization","value":"{{Authorization}}","type":"text"}],"body":{"mode":"raw","raw":"","options":{"raw":{"language":"json"}}},"url":{"raw":"{{url}}/label/page/conditions","host":["{{url}}"],"path":["label","page","conditions"],"query":[{"key":"id","value":"1","disabled":true}]}},"response":[]}]}