{"info":{"_postman_id":"916fae75-32bf-4991-b51f-49be4e8b6bf0","name":"物联网 - 可视化组件 - visual","schema":"https://schema.getpostman.com/json/collection/v2.1.0/collection.json"},"item":[{"name":"{{url}}/component 新增组件","id":"2ae21a8a-a9dc-4fda-9032-fb67bf618cf9","protocolProfileBehavior":{"disableBodyPruning":true},"request":{"method":"POST","header":[{"key":"Authorization","value":"{{Authorization}}","type":"text"}],"body":{"mode":"raw","raw":"{\n    \"componentTypeId\": 1,\n    \"modelJson\": \"String\",\n    \"modelName\": \"电脑椅子3\"\n}","options":{"raw":{"language":"json"}}},"url":{"raw":"{{url}}/component","host":["{{url}}"],"path":["component"]}},"response":[]},{"name":"{{url}}/component 删除组件ById","id":"097f0dc5-7f68-4da1-9b3b-665aa7841add","protocolProfileBehavior":{"disableBodyPruning":true},"request":{"method":"DELETE","header":[{"key":"Authorization","value":"{{Authorization}}","type":"text"}],"body":{"mode":"raw","raw":"","options":{"raw":{"language":"json"}}},"url":{"raw":"{{url}}/component?id=2","host":["{{url}}"],"path":["component"],"query":[{"key":"id","value":"2"}]}},"response":[]},{"name":"{{url}}/component 修改组件ById","id":"47757949-74e0-437c-8e26-7df8b96a0067","protocolProfileBehavior":{"disableBodyPruning":true},"request":{"method":"PUT","header":[{"key":"Authorization","value":"{{Authorization}}","type":"text"}],"body":{"mode":"raw","raw":"{\n    \"id\": 1,\n    \"componentTypeId\": 1,\n    \"modelJson\": \"JSON parse error: Unexpected character ('c' (code 99)): was expecting comma to separate Object entries\",\n    \"modelName\": \"电脑椅子5\"\n}","options":{"raw":{"language":"json"}}},"url":{"raw":"{{url}}/component","host":["{{url}}"],"path":["component"]}},"response":[]},{"name":"{{url}}/component 查询组件ById","id":"e6cb110a-35f7-4ca7-aaf4-7661acf0e51d","protocolProfileBehavior":{"disableBodyPruning":true},"request":{"method":"GET","header":[{"key":"Authorization","value":"{{Authorization}}","type":"text"}],"body":{"mode":"raw","raw":"","options":{"raw":{"language":"json"}}},"url":{"raw":"{{url}}/component?id=3","host":["{{url}}"],"path":["component"],"query":[{"key":"id","value":"3"}]}},"response":[]},{"name":"{{url}}/component/detail 查询组件ById","id":"1b7ead33-7b06-4455-be11-def3c40bcfc1","protocolProfileBehavior":{"disableBodyPruning":true},"request":{"method":"GET","header":[{"key":"Authorization","value":"{{Authorization}}","type":"text"}],"body":{"mode":"raw","raw":"","options":{"raw":{"language":"json"}}},"url":{"raw":"{{url}}/component/detail?id=18","host":["{{url}}"],"path":["component","detail"],"query":[{"key":"id","value":"18"}]}},"response":[]},{"name":"{{url}}/component/lists 无参查询组件列表","id":"e49380a6-6d23-410b-bd90-a192573c5caf","protocolProfileBehavior":{"disableBodyPruning":true},"request":{"method":"GET","header":[{"key":"Authorization","value":"{{Authorization}}","type":"text"}],"body":{"mode":"raw","raw":"","options":{"raw":{"language":"json"}}},"url":{"raw":"{{url}}/component/lists","host":["{{url}}"],"path":["component","lists"]}},"response":[]},{"name":"{{url}}/component/lists/conditions 条件查询组件列表","id":"d1683746-e247-43d2-9878-384a15ed0a7c","protocolProfileBehavior":{"disableBodyPruning":true},"request":{"method":"GET","header":[{"key":"Authorization","value":"{{Authorization}}","type":"text"}],"body":{"mode":"raw","raw":"","options":{"raw":{"language":"json"}}},"url":{"raw":"{{url}}/component/lists/conditions","host":["{{url}}"],"path":["component","lists","conditions"],"query":[{"key":"componentTypeId","value":"1","disabled":true}]}},"response":[]},{"name":"{{url}}/component/page/conditions 条件查询组件列表 Copy","id":"2f150ff6-f277-4610-ad37-c80ebd803286","protocolProfileBehavior":{"disableBodyPruning":true},"request":{"method":"GET","header":[{"key":"Authorization","value":"{{Authorization}}","type":"text"}],"body":{"mode":"raw","raw":"","options":{"raw":{"language":"json"}}},"url":{"raw":"{{url}}/component/page/conditions?size=2&current=2","host":["{{url}}"],"path":["component","page","conditions"],"query":[{"key":"size","value":"2"},{"key":"current","value":"2"}]}},"response":[]},{"name":"{{url}}/api 新增组件API","id":"9d3676ce-0e1e-493d-b440-d6b09cc8b1cd","protocolProfileBehavior":{"disableBodyPruning":true},"request":{"method":"POST","header":[{"key":"Authorization","value":"{{Authorization}}","type":"text"}],"body":{"mode":"raw","raw":"{\n    \"componentTypeId\": 1,\n    \"name\": \"电脑椅子3\",\n    \"url\": \"www.baidu.com\",\n    \"request\": \"0\",\n    \"param\": \"{name=2,age=31}\",\n    \"componentIdList\": [\n        18,\n        20,\n        21\n    ]\n}","options":{"raw":{"language":"json"}}},"url":{"raw":"{{url}}/api","host":["{{url}}"],"path":["api"]}},"response":[]},{"name":"{{url}}/api 删除组件API - ById","id":"0d74951e-daa2-4431-8b25-2a66e610dea8","protocolProfileBehavior":{"disableBodyPruning":true},"request":{"method":"DELETE","header":[{"key":"Authorization","value":"{{Authorization}}","type":"text"}],"body":{"mode":"raw","raw":"","options":{"raw":{"language":"json"}}},"url":{"raw":"{{url}}/api?id=1","host":["{{url}}"],"path":["api"],"query":[{"key":"id","value":"1"}]}},"response":[]},{"name":"{{url}}/api 修改组件API - ById","id":"5dcef341-007a-47a4-962d-8f854c8e24f3","protocolProfileBehavior":{"disableBodyPruning":true},"request":{"method":"PUT","header":[{"key":"Authorization","value":"{{Authorization}}","type":"text"}],"body":{"mode":"raw","raw":"{\n    \"id\":38,\n    \"componentTypeId\": 1,\n    \"name\": \"电脑椅子32\",\n    \"url\": \"www.baidu.com\",\n    \"request\": \"0\",\n    \"param\": \"{name=2,age=31}\",\n    \"componentIdList\": [\n        18,\n        19,\n        20\n    ]\n}","options":{"raw":{"language":"json"}}},"url":{"raw":"{{url}}/api","host":["{{url}}"],"path":["api"]}},"response":[]},{"name":"{{url}}/api 查询组件API - ById","id":"d98ac3bb-0c8a-4490-88d1-ca1cff87ec96","protocolProfileBehavior":{"disableBodyPruning":true},"request":{"method":"GET","header":[{"key":"Authorization","value":"{{Authorization}}","type":"text"}],"body":{"mode":"raw","raw":"","options":{"raw":{"language":"json"}}},"url":{"raw":"{{url}}/api?id=45","host":["{{url}}"],"path":["api"],"query":[{"key":"id","value":"45"}]}},"response":[]},{"name":"{{url}}/api/detail/{id} 查询组件API - ById","id":"165d8855-b372-44eb-a571-445285352425","protocolProfileBehavior":{"disableBodyPruning":true},"request":{"method":"GET","header":[{"key":"Authorization","value":"{{Authorization}}","type":"text"}],"body":{"mode":"raw","raw":"","options":{"raw":{"language":"json"}}},"url":{"raw":"{{url}}/api/detail?id=45","host":["{{url}}"],"path":["api","detail"],"query":[{"key":"id","value":"45"}]}},"response":[]},{"name":"{{url}}/api/lists 无参查询组件API列表","id":"00979adc-b097-4be7-b117-3dd8ad54b41e","protocolProfileBehavior":{"disableBodyPruning":true},"request":{"method":"GET","header":[{"key":"Authorization","value":"{{Authorization}}","type":"text"}],"body":{"mode":"raw","raw":"","options":{"raw":{"language":"json"}}},"url":{"raw":"{{url}}/api/lists","host":["{{url}}"],"path":["api","lists"],"query":[{"key":"id","value":"2","disabled":true}]}},"response":[]},{"name":"{{url}}/api/lists/conditions 条件查询组件API列表","id":"07fc2105-efed-45f2-ad69-65b04cb75206","protocolProfileBehavior":{"disableBodyPruning":true},"request":{"method":"GET","header":[{"key":"Authorization","value":"{{Authorization}}","type":"text"}],"body":{"mode":"raw","raw":"","options":{"raw":{"language":"json"}}},"url":{"raw":"{{url}}/api/lists/conditions","host":["{{url}}"],"path":["api","lists","conditions"],"query":[{"key":"componentId","value":"3","disabled":true},{"key":"componentTypeId","value":"8","type":"text","disabled":true}]}},"response":[]},{"name":"{{url}}/api/page/conditions 分页条件查询组件API列表","id":"7993fb55-3605-4e97-8264-50d725cdbf66","protocolProfileBehavior":{"disableBodyPruning":true},"request":{"method":"GET","header":[{"key":"Authorization","value":"{{Authorization}}","type":"text"}],"body":{"mode":"raw","raw":"","options":{"raw":{"language":"json"}}},"url":{"raw":"{{url}}/api/page/conditions","host":["{{url}}"],"path":["api","page","conditions"],"query":[{"key":"id","value":"2","disabled":true}]}},"response":[]},{"name":"{{url}}/type 新增组件类型","id":"22d08547-8b59-45f1-8685-978c3c81750b","protocolProfileBehavior":{"disableBodyPruning":true},"request":{"method":"POST","header":[{"key":"Authorization","value":"{{Authorization}}","type":"text"}],"body":{"mode":"raw","raw":"{\n    \"type\": 1,\n    \"name\": \"登录api\"\n}","options":{"raw":{"language":"json"}}},"url":{"raw":"{{url}}/type","host":["{{url}}"],"path":["type"]}},"response":[]},{"name":"{{url}}/type 新增组件类型Byid","id":"e703da45-7e37-4129-87ad-66f96848a65f","protocolProfileBehavior":{"disableBodyPruning":true},"request":{"method":"DELETE","header":[{"key":"Authorization","value":"{{Authorization}}","type":"text"}],"body":{"mode":"raw","raw":"","options":{"raw":{"language":"json"}}},"url":{"raw":"{{url}}/type?id=1","host":["{{url}}"],"path":["type"],"query":[{"key":"id","value":"1"}]}},"response":[]},{"name":"{{url}}/type 修改组件类型Byid","id":"b1e8706a-1293-4821-9f80-41681b7d277c","protocolProfileBehavior":{"disableBodyPruning":true},"request":{"method":"PUT","header":[{"key":"Authorization","value":"{{Authorization}}","type":"text"}],"body":{"mode":"raw","raw":"{\n    \"id\": 2,\n    \"type\": 0,\n    \"name\": \"柱状图组件2\"\n}","options":{"raw":{"language":"json"}}},"url":{"raw":"{{url}}/type","host":["{{url}}"],"path":["type"]}},"response":[]},{"name":"{{url}}/type 查询组件类型Byid","id":"5efe4f67-2420-4d38-8919-5bd70960f3f4","protocolProfileBehavior":{"disableBodyPruning":true},"request":{"method":"GET","header":[{"key":"Authorization","value":"{{Authorization}}","type":"text"}],"body":{"mode":"raw","raw":"","options":{"raw":{"language":"json"}}},"url":{"raw":"{{url}}/type?id=2","host":["{{url}}"],"path":["type"],"query":[{"key":"id","value":"2"}]}},"response":[]},{"name":"{{url}}/type/lists 无参查询组件类型列表","id":"6f728baa-be11-4b70-bdf5-51b9f9215f19","protocolProfileBehavior":{"disableBodyPruning":true},"request":{"method":"GET","header":[{"key":"Authorization","value":"{{Authorization}}","type":"text"}],"body":{"mode":"raw","raw":"","options":{"raw":{"language":"json"}}},"url":{"raw":"{{url}}/type/lists","host":["{{url}}"],"path":["type","lists"]}},"response":[]},{"name":"{{url}}/type/lists/conditions 条件查询组件类型列表","id":"2eb8a8ec-9792-4cf0-90da-280adf3ff704","protocolProfileBehavior":{"disableBodyPruning":true},"request":{"method":"GET","header":[{"key":"Authorization","value":"{{Authorization}}","type":"text"}],"body":{"mode":"raw","raw":"","options":{"raw":{"language":"json"}}},"url":{"raw":"{{url}}/type/lists/conditions?type=0","host":["{{url}}"],"path":["type","lists","conditions"],"query":[{"key":"type","value":"0"}]}},"response":[]},{"name":"{{url}}/type/page/conditions 分页条件查询组件类型列表","id":"af25b98e-2a45-4c18-901e-badb92eb5597","protocolProfileBehavior":{"disableBodyPruning":true},"request":{"method":"GET","header":[{"key":"Authorization","value":"{{Authorization}}","type":"text"}],"body":{"mode":"raw","raw":"","options":{"raw":{"language":"json"}}},"url":{"raw":"{{url}}/type/page/conditions","host":["{{url}}"],"path":["type","page","conditions"]}},"response":[]},{"name":"{{url}}/industrial/page 分页条件查询工业组态信息","id":"3f0205ec-ca4b-4204-a27c-b24aed35079c","protocolProfileBehavior":{"disableBodyPruning":true},"request":{"method":"GET","header":[{"key":"Authorization","value":"{{Authorization}}","type":"text"}],"body":{"mode":"raw","raw":"","options":{"raw":{"language":"json"}}},"url":{"raw":"{{url}}/industrial/page","host":["{{url}}"],"path":["industrial","page"]}},"response":[]},{"name":"{{url}}/industrial/lists/conditions 条件查询工业组态信息","id":"a3d2f40d-0562-4c31-86c4-fd4537eaf2fb","protocolProfileBehavior":{"disableBodyPruning":true},"request":{"method":"GET","header":[{"key":"Authorization","value":"{{Authorization}}","type":"text"}],"body":{"mode":"raw","raw":"","options":{"raw":{"language":"json"}}},"url":{"raw":"{{url}}/industrial/lists/conditions","host":["{{url}}"],"path":["industrial","lists","conditions"]}},"response":[]}]}