{"info":{"_postman_id":"930d2dbe-a1bf-4a66-9414-901257f2d97e","name":"诉求平台 - Local","schema":"https://schema.getpostman.com/json/collection/v2.1.0/collection.json"},"item":[{"name":"localhost:9999/auth/oauth/token 用户登录","id":"e3377062-bc54-4e12-b370-eee53bd836e0","protocolProfileBehavior":{"disableBodyPruning":true},"request":{"method":"POST","header":[{"key":"Content-Type","name":"Content-Type","type":"text","value":"application/x-www-form-urlencoded"},{"key":"Authorization","type":"text","value":"Basic dGVzdDp0ZXN0"}],"body":{"mode":"urlencoded","urlencoded":[{"key":"username","type":"text","value":"admin"},{"key":"password","type":"text","value":"123456"},{"key":"grant_type","type":"text","value":"password"}]},"url":{"raw":"localhost:9999/auth/oauth/token","host":["localhost"],"port":"9999","path":["auth","oauth","token"]}},"response":[]},{"name":"192.168.1.39:9999/auth/oauth/token 本地 ip 登录","id":"cf25fe3f-9136-4949-9f84-df231616eaaa","protocolProfileBehavior":{"disableBodyPruning":true},"request":{"method":"POST","header":[{"key":"Content-Type","name":"Content-Type","type":"text","value":"application/x-www-form-urlencoded"},{"key":"Authorization","type":"text","value":"Basic dGVzdDp0ZXN0"}],"body":{"mode":"urlencoded","urlencoded":[{"key":"username","type":"text","value":"admin"},{"key":"password","type":"text","value":"123456"},{"key":"grant_type","type":"text","value":"password"}]},"url":{"raw":"192.168.1.39:9999/auth/oauth/token","host":["192","168","1","39"],"port":"9999","path":["auth","oauth","token"]}},"response":[]},{"name":"192.168.1.175:9997/auth/oauth/token 用户登录","id":"5682598b-01fa-4141-b8a7-1b01d03eecc6","protocolProfileBehavior":{"disableBodyPruning":true},"request":{"method":"POST","header":[{"key":"Content-Type","name":"Content-Type","type":"text","value":"application/x-www-form-urlencoded"},{"key":"Authorization","type":"text","value":"Basic dGVzdDp0ZXN0"}],"body":{"mode":"urlencoded","urlencoded":[{"key":"username","type":"text","value":"admin"},{"key":"password","type":"text","value":"123456"},{"key":"grant_type","type":"text","value":"password"}]},"url":{"raw":"192.168.1.175:9997/auth/oauth/token","host":["192","168","1","175"],"port":"9997","path":["auth","oauth","token"]}},"response":[]},{"name":"scj用户 ( 派单员 ) 登录","id":"8f934b7c-f48e-4893-b015-9a9145edd2f3","protocolProfileBehavior":{"disableBodyPruning":true},"request":{"method":"POST","header":[{"key":"Content-Type","name":"Content-Type","type":"text","value":"application/x-www-form-urlencoded"},{"key":"Authorization","type":"text","value":"Basic dGVzdDp0ZXN0"}],"body":{"mode":"urlencoded","urlencoded":[{"key":"username","type":"text","value":"scjpdy"},{"key":"password","type":"text","value":"123456"},{"key":"grant_type","type":"text","value":"password"}]},"url":{"raw":"localhost:9999/auth/oauth/token","host":["localhost"],"port":"9999","path":["auth","oauth","token"]}},"response":[]},{"name":"省统战部处理员 登录","id":"7564e2b9-38dd-4053-8cc2-e38a6d0b2193","protocolProfileBehavior":{"disableBodyPruning":true},"request":{"method":"POST","header":[{"key":"Content-Type","name":"Content-Type","type":"text","value":"application/x-www-form-urlencoded"},{"key":"Authorization","type":"text","value":"Basic dGVzdDp0ZXN0"}],"body":{"mode":"urlencoded","urlencoded":[{"key":"username","type":"text","value":"省统战部处理员"},{"key":"password","type":"text","value":"123456"},{"key":"grant_type","type":"text","value":"password"}]},"url":{"raw":"localhost:9999/auth/oauth/token","host":["localhost"],"port":"9999","path":["auth","oauth","token"]}},"response":[]},{"name":"admin/user/authority 添加用户(跨服务无权限)","id":"c04ec923-6f8a-465f-be21-bf7cf3c79d22","protocolProfileBehavior":{"disableBodyPruning":true},"request":{"method":"POST","header":[],"body":{"mode":"raw","raw":"{\r\n    \r\n}"},"url":{"raw":"{{url}}/admin/user/authority","host":["{{url}}"],"path":["admin","user","authority"]}},"response":[]},{"name":"admin/user/1 通过用户id获取用户/部门详情信息","id":"921c665d-460d-47e5-9c94-4ae6eeb8d75d","protocolProfileBehavior":{"disableBodyPruning":true},"request":{"method":"GET","header":[],"url":{"raw":"{{url}}/admin/user/1","host":["{{url}}"],"path":["admin","user","1"]}},"response":[]},{"name":"admin/dept/szxDept 获取 dept_logo = 1的部门信息（辅助于工单列表查询）","id":"dc38d87f-096c-4832-b0ff-b42252045eae","protocolProfileBehavior":{"disableBodyPruning":true},"request":{"method":"GET","header":[{"key":"Authorization","value":"{{Authorization}}","type":"text","disabled":true}],"url":{"raw":"{{url}}/admin/dept/szxDept","host":["{{url}}"],"path":["admin","dept","szxDept"]}},"response":[]},{"name":"admin/dept/redeployDept?deptId=92","id":"03fa3d9a-c257-4789-8e36-89bf6ba5359f","protocolProfileBehavior":{"disableBodyPruning":true},"request":{"method":"GET","header":[{"key":"Authorization","value":"{{Authorization}}","type":"text","disabled":true}],"url":{"raw":"{{url}}/admin/dept/redeployDept?deptId=1","host":["{{url}}"],"path":["admin","dept","redeployDept"],"query":[{"key":"deptId","value":"1"}]}},"response":[]},{"name":"admin/dept/tree 部门树形菜单集合","id":"7495c6f2-60df-47b8-8abe-43cce36e3524","protocolProfileBehavior":{"disableBodyPruning":true},"request":{"method":"GET","header":[{"key":"Authorization","value":"{{Authorization}}","type":"text"}],"url":{"raw":"{{url}}/admin/dept/tree","host":["{{url}}"],"path":["admin","dept","tree"]}},"response":[]},{"name":"admin/dept/dispense/tree 当前登录用户所属部门id查询 部门Tree","id":"77d8ac70-81a8-4339-953b-999fc7857663","protocolProfileBehavior":{"disableBodyPruning":true},"request":{"method":"GET","header":[{"key":"Authorization","value":"{{Authorization}}","type":"text"}],"url":{"raw":"{{url}}/admin/dept/dispense/tree?deptId=1","host":["{{url}}"],"path":["admin","dept","dispense","tree"],"query":[{"key":"deptId","value":"1","description":"当前登录用户所属部门id"}]}},"response":[]},{"name":"admin/dept/dispense/tree 当前登录用户所属部门id查询 部门Tree Copy","id":"17f2bfa3-a76a-4c6e-91f1-d7a0a02429bc","protocolProfileBehavior":{"disableBodyPruning":true},"request":{"method":"GET","header":[{"key":"Authorization","value":"{{Authorization}}","type":"text"}],"url":{"raw":"{{url}}/admin/dept/dispense/conditions/tree?deptId=1&type=1","host":["{{url}}"],"path":["admin","dept","dispense","conditions","tree"],"query":[{"key":"deptId","value":"1","description":"当前登录用户所属部门id"},{"key":"type","value":"1"}]}},"response":[]},{"name":"admin/dept/{id} 通过部门id 查询部门详情","id":"d50a4a75-72c0-4af1-b24b-d405785c073e","protocolProfileBehavior":{"disableBodyPruning":true},"request":{"method":"GET","header":[{"key":"Authorization","value":"{{Authorization}}","type":"text"}],"url":{"raw":"{{url}}/admin/dept/22","host":["{{url}}"],"path":["admin","dept","22"]}},"response":[]},{"name":"admin/dept/{id} 通过部门id 级联删除部门","id":"8080d065-eb5c-4c43-8cff-b7010b41265b","protocolProfileBehavior":{"disableBodyPruning":true},"request":{"method":"DELETE","header":[{"key":"Authorization","value":"{{Authorization}}","type":"text"}],"url":{"raw":"{{url}}/admin/dept/89","host":["{{url}}"],"path":["admin","dept","89"]}},"response":[]},{"name":"admin/user/info","id":"df8838e0-20c8-41a8-9cef-0ba401c58e15","protocolProfileBehavior":{"disableBodyPruning":true},"request":{"method":"GET","header":[{"key":"Authorization","value":"{{Authorization}}","type":"text"}],"url":{"raw":"{{url}}/admin/user/info","host":["{{url}}"],"path":["admin","user","info"]}},"response":[]},{"name":"admin/user/roleCode","id":"3fb0e131-d7bd-4a46-80cc-46caf6367ef8","protocolProfileBehavior":{"disableBodyPruning":true},"request":{"method":"GET","header":[{"key":"Authorization","value":"{{Authorization}}","type":"text"}],"url":{"raw":"{{url}}/admin/user/roleCode?roleCode=DISPOSE&deptId=1","host":["{{url}}"],"path":["admin","user","roleCode"],"query":[{"key":"roleCode","value":"DISPOSE"},{"key":"deptId","value":"1"}]}},"response":[]},{"name":"admin/user/lists/username 通过username查询用户列表","id":"8489f090-5bd0-4a4d-aa86-464ace93394a","protocolProfileBehavior":{"disableBodyPruning":true},"request":{"method":"GET","header":[{"key":"Authorization","value":"{{Authorization}}","type":"text","disabled":true}],"url":{"raw":"{{url}}/admin/user/lists/username?username=agency","host":["{{url}}"],"path":["admin","user","lists","username"],"query":[{"key":"username","value":"agency"}]}},"response":[]},{"name":"{{url}}/admin/sys-file/{fileName} 通过图片名查询 图片","id":"0e4025f0-149b-4ac2-b3d9-5d7a5519a474","protocolProfileBehavior":{"disableBodyPruning":true},"request":{"method":"GET","header":[{"key":"Authorization","value":"{{Authorization}}","type":"text"}],"url":{"raw":"{{url}}/admin/sys-file/5a44f94d9f904cdf836e936b8488e1d5.png","host":["{{url}}"],"path":["admin","sys-file","5a44f94d9f904cdf836e936b8488e1d5.png"]}},"response":[]},{"name":"{{url}}/admin/sys-file/upload 文件上传","id":"cc107872-2b53-4d6c-80fe-b1003e09fcbb","protocolProfileBehavior":{"disableBodyPruning":true},"request":{"method":"POST","header":[{"key":"Authorization","value":"{{Authorization}}","type":"text"}],"body":{"mode":"formdata","formdata":[{"key":"file","type":"file","src":"/C:/Users/Administrator/Desktop/e84ec7eadbfb4cc6b372828a3c64ac9b.png"}]},"url":{"raw":"{{url}}/admin/sys-file/upload","host":["{{url}}"],"path":["admin","sys-file","upload"]}},"response":[]},{"name":"192.168.1.175:9997/admin/sys-file/upload 文件上传","id":"5dacc691-3cd1-4d7c-86f3-cc2c0b97a019","protocolProfileBehavior":{"disableBodyPruning":true},"request":{"method":"POST","header":[{"warning":"This is a duplicate header and will be overridden by the Content-Type header generated by Postman.","key":"Content-Type","value":"multipart/form-data","type":"text"},{"key":"Authorization","value":"bearer e773a351-933e-438c-aa7a-87a318d9c063","type":"text"}],"body":{"mode":"formdata","formdata":[{"key":"file","type":"file","src":"/C:/Users/Administrator/Desktop/sso login 21090601.png"}]},"url":{"raw":"192.168.1.175:9997/admin/sys-file/upload?access-key=linksame&secret-key=linksame","host":["192","168","1","175"],"port":"9997","path":["admin","sys-file","upload"],"query":[{"key":"access-key","value":"linksame"},{"key":"secret-key","value":"linksame"}]}},"response":[]},{"name":"192.168.1.175:9997/admin/sys-file/{fileName} 通过文件名查询文件","id":"426e1284-dabb-468c-9b46-3d80fd501b3a","protocolProfileBehavior":{"disableBodyPruning":true},"request":{"method":"GET","header":[{"key":"Content-Type","value":"multipart/form-data","type":"text"},{"key":"Authorization","value":"{{Authorization}}","type":"text"}],"body":{"mode":"formdata","formdata":[]},"url":{"raw":"192.168.1.175:9997/admin/sys-file/0d485c75cb334a5590ca6e87f6921cb4.jpg","host":["192","168","1","175"],"port":"9997","path":["admin","sys-file","0d485c75cb334a5590ca6e87f6921cb4.jpg"]}},"response":[]},{"name":"-----------------------诉求---------------------","id":"5adae984-e0e2-4fc7-9843-6c15f6e38337","protocolProfileBehavior":{"disableBodyPruning":true},"request":{"method":"LINK","header":[],"url":{"raw":""}},"response":[]},{"name":"appeal/appeal/list/role 通过角色查询工单列表","id":"859d0ca6-ca0e-4638-af92-f22cc6cb6b02","protocolProfileBehavior":{"disableBodyPruning":true},"request":{"method":"GET","header":[{"key":"Authorization","type":"text","value":"{{Authorization}}"}],"url":{"raw":"{{url}}/appeal/appeal/list/role?pageNum=1&pageSize=20","host":["{{url}}"],"path":["appeal","appeal","list","role"],"query":[{"key":"pageNum","value":"1"},{"key":"pageSize","value":"20"},{"key":"title","value":"","disabled":true},{"key":"status","value":"3","disabled":true},{"key":"cityId","value":"","disabled":true},{"key":"deptId","value":"","disabled":true},{"key":"phone","value":"","disabled":true}]}},"response":[]},{"name":"appeal/appeal/selectOne/{appealId} 查询工单详情","id":"f8bc224f-c6a9-4ca0-94f6-78ad39006d91","protocolProfileBehavior":{"disableBodyPruning":true},"request":{"method":"GET","header":[{"key":"Authorization","type":"text","value":"{{Authorization}}"}],"url":{"raw":"{{url}}/appeal/appeal/selectOne/77","host":["{{url}}"],"path":["appeal","appeal","selectOne","77"]}},"response":[]},{"name":"appeal/appeal/log/{appealId} 工单处理记录【过网关】","id":"98a1e92b-ca15-40d2-9490-86f203f94409","protocolProfileBehavior":{"disableBodyPruning":true},"request":{"method":"GET","header":[{"key":"Authorization","value":"{{Authorization}}","type":"text"}],"url":{"raw":"{{url}}/appeal/appeal/log/1","host":["{{url}}"],"path":["appeal","appeal","log","1"]}},"response":[]},{"name":"appeal/dispose/status","id":"af06c7a4-2610-45e6-a685-1de8ec669fd0","protocolProfileBehavior":{"disableBodyPruning":true},"request":{"method":"GET","header":[{"key":"Authorization","type":"text","value":"{{Authorization}}"}],"url":{"raw":"{{url}}/appeal/dispose/status","host":["{{url}}"],"path":["appeal","dispose","status"]}},"response":[]},{"name":"appeal/common/batch 批量构建服务机构部门和用户","id":"12fee5bc-bbee-4f57-a6a2-df7787028ac9","protocolProfileBehavior":{"disableBodyPruning":true},"request":{"method":"GET","header":[{"key":"Authorization","value":"{{Authorization}}","type":"text"}],"body":{"mode":"raw","raw":"","options":{"raw":{"language":"json"}}},"url":{"raw":"{{url}}/appeal/common/batch?number=100","host":["{{url}}"],"path":["appeal","common","batch"],"query":[{"key":"number","value":"100","type":"text"}]}},"response":[]},{"name":"-----------------------统计---------------------","id":"24400df0-daeb-4638-a867-e347fd6364ed","protocolProfileBehavior":{"disableBodyPruning":true},"request":{"method":"LINK","header":[],"url":{"raw":""}},"response":[]},{"name":"appeal/bill/data 数据总数统计","id":"5fd9c183-758f-4015-89e5-d43c9de180cd","protocolProfileBehavior":{"disableBodyPruning":true},"request":{"method":"GET","header":[{"key":"Authorization","type":"text","value":"{{Authorization}}"}],"url":{"raw":"{{url}}/appeal/bill/data?type=3","host":["{{url}}"],"path":["appeal","bill","data"],"query":[{"key":"type","value":"3","description":"1/2/3"}]}},"response":[]},{"name":"appeal/bill/data/year 数据总数统计【年度】","id":"1b3f9fe8-d91f-43f9-bb21-070b87e2d39a","protocolProfileBehavior":{"disableBodyPruning":true},"request":{"method":"GET","header":[{"key":"Authorization","type":"text","value":"{{Authorization}}","disabled":true}],"url":{"raw":"{{url}}/appeal/bill/data/year?yearInfo=2021","host":["{{url}}"],"path":["appeal","bill","data","year"],"query":[{"key":"yearInfo","value":"2021","description":"1/2/3"}]}},"response":[]},{"name":"appeal/bill/list 查询所有统计列表","id":"7fb635ab-9ede-4858-8b43-cedc0d33831f","protocolProfileBehavior":{"disableBodyPruning":true},"request":{"method":"GET","header":[{"key":"Authorization","value":"{{Authorization}}","type":"text"}],"url":{"raw":"{{url}}/appeal/bill/list?deptId=3","host":["{{url}}"],"path":["appeal","bill","list"],"query":[{"key":"deptId","value":"3","description":"1/2/3"}]}},"response":[]},{"name":"appeal/bill/type 工单类型占比  前八名","id":"c962debf-0076-47b5-a482-2052ae9c82ec","protocolProfileBehavior":{"disableBodyPruning":true},"request":{"method":"GET","header":[{"key":"Authorization","value":"{{Authorization}}","type":"text"}],"url":{"raw":"{{url}}/appeal/bill/type?type=3","host":["{{url}}"],"path":["appeal","bill","type"],"query":[{"key":"type","value":"3"}]}},"response":[]},{"name":"appeal/bill/source 来源占比","id":"c1f9e3e6-93fb-4fb2-bae3-83cd9bdbff47","protocolProfileBehavior":{"disableBodyPruning":true},"request":{"method":"GET","header":[{"key":"Authorization","value":"{{Authorization}}","type":"text"}],"url":{"raw":"{{url}}/appeal/bill/source?type=1","host":["{{url}}"],"path":["appeal","bill","source"],"query":[{"key":"type","value":"1"}]}},"response":[]},{"name":"appeal/bill/linechart 折线图","id":"4ef0d1a3-6e95-4129-9545-46c27d809953","protocolProfileBehavior":{"disableBodyPruning":true},"request":{"method":"GET","header":[{"key":"Authorization","type":"text","value":"{{Authorization}}","disabled":true}],"url":{"raw":"{{url}}/appeal/bill/linechart?time=mon","host":["{{url}}"],"path":["appeal","bill","linechart"],"query":[{"key":"time","value":"mon","description":"year 、 week 、"}]}},"response":[]},{"name":"appeal/bill/linechartyear 折线图【年度】","id":"62768096-84a5-453a-90f9-b996a6dd0214","protocolProfileBehavior":{"disableBodyPruning":true},"request":{"method":"GET","header":[{"key":"Authorization","type":"text","value":"{{Authorization}}","disabled":true}],"url":{"raw":"{{url}}/appeal/bill/linechart/year?yearInfo=2021","host":["{{url}}"],"path":["appeal","bill","linechart","year"],"query":[{"key":"yearInfo","value":"2021"},{"key":"typeId","value":"9","type":"text","disabled":true}]}},"response":[]}]}