{"info":{"_postman_id":"9c00d767-61ee-43fd-b6be-cc069f2a688b","name":"知识库 - AI 模型 - aiModel","schema":"https://schema.getpostman.com/json/collection/v2.1.0/collection.json"},"item":[{"name":"192.168.1.163:9999/admin/sys-file/upload","id":"046b0aca-6597-49d6-a04b-777267a0ba0f","protocolProfileBehavior":{"disableBodyPruning":true},"request":{"method":"POST","header":[{"key":"Authorization","value":"bearer cbdbf7de-f1af-4fcf-9193-2839bb257ef5","type":"text"}],"body":{"mode":"formdata","formdata":[{"key":"bucketName","value":"alink","type":"text"},{"key":"file","type":"file","src":"/C:/Users/Administrator/Desktop/LinearRegTrain2.csv"}]},"url":{"raw":"192.168.1.163:9999/admin/sys-file/upload","host":["192","168","1","163"],"port":"9999","path":["admin","sys-file","upload"]}},"response":[]},{"name":"{{url}}/core/lists","id":"10b57577-a4fe-41e9-9ce3-39b5d76a98ab","protocolProfileBehavior":{"disableBodyPruning":true},"request":{"method":"GET","header":[{"key":"Authorization","value":"{{Authorization}}","type":"text","disabled":true}],"body":{"mode":"raw","raw":"","options":{"raw":{"language":"json"}}},"url":{"raw":"{{url}}/core/lists","host":["{{url}}"],"path":["core","lists"]}},"response":[]},{"name":"{{url}}/file/lists","id":"d9e29f4f-1e16-4f80-9ceb-9c075bda4f3a","protocolProfileBehavior":{"disableBodyPruning":true},"request":{"method":"GET","header":[{"key":"Authorization","value":"{{Authorization}}","type":"text","disabled":true}],"body":{"mode":"raw","raw":"","options":{"raw":{"language":"json"}}},"url":{"raw":"{{url}}/file/lists","host":["{{url}}"],"path":["file","lists"]}},"response":[]},{"name":"{{url}}/core","id":"cdd92961-0026-4da9-9be9-9b6108f8a2fd","protocolProfileBehavior":{"disableBodyPruning":true},"request":{"method":"POST","header":[{"key":"Authorization","value":"{{Authorization}}","type":"text","disabled":true}],"body":{"mode":"raw","raw":"{\r\n    \"tenantId\": 1,\r\n    \"typeId\": 1,\r\n    \"trainingPattern\": \"1\",\r\n    \"name\": \"KKK\"\r\n}","options":{"raw":{"language":"json"}}},"url":{"raw":"{{url}}/core","host":["{{url}}"],"path":["core"]}},"response":[]},{"name":"{{url}}/core/{id}","id":"1a135409-ffe0-4608-8921-81e4cd813b56","protocolProfileBehavior":{"disableBodyPruning":true},"request":{"method":"GET","header":[{"key":"Authorization","value":"{{Authorization}}","type":"text"}],"body":{"mode":"raw","raw":"","options":{"raw":{"language":"json"}}},"url":{"raw":"{{url}}/core?id=1","host":["{{url}}"],"path":["core"],"query":[{"key":"id","value":"1"}]}},"response":[]},{"name":"{{url}}/core/detail","id":"ab7b5911-5b62-4919-b1f2-d412933affd0","protocolProfileBehavior":{"disableBodyPruning":true},"request":{"method":"GET","header":[{"key":"Authorization","value":"{{Authorization}}","type":"text"}],"body":{"mode":"raw","raw":"","options":{"raw":{"language":"json"}}},"url":{"raw":"{{url}}/core/detail?id=1","host":["{{url}}"],"path":["core","detail"],"query":[{"key":"id","value":"1","type":"text"}]}},"response":[]},{"name":"{{url}}/core/lists/conditions 条件查询 IA 模型列表","id":"d88e9197-960c-4e32-aeb1-cc6f4a58d241","protocolProfileBehavior":{"disableBodyPruning":true},"request":{"method":"GET","header":[{"key":"Authorization","value":"{{Authorization}}","type":"text"}],"body":{"mode":"raw","raw":"{\r\n    \"tenantId\": 1,\r\n    \"typeId\": 1,\r\n    \"trainingPattern\": \"1\",\r\n    \"name\": \"KKK\"\r\n}","options":{"raw":{"language":"json"}}},"url":{"raw":"{{url}}/core/lists/conditions","host":["{{url}}"],"path":["core","lists","conditions"]}},"response":[]},{"name":"{{url}}/core/page/conditions","id":"c3188d62-e6b7-4301-93a2-85706fbd108f","protocolProfileBehavior":{"disableBodyPruning":true},"request":{"method":"GET","header":[{"key":"Authorization","value":"{{Authorization}}","type":"text"}],"body":{"mode":"raw","raw":"{\r\n    \"tenantId\": 1,\r\n    \"typeId\": 1,\r\n    \"trainingPattern\": \"1\",\r\n    \"name\": \"KKK\"\r\n}","options":{"raw":{"language":"json"}}},"url":{"raw":"{{url}}/core/page/conditions","host":["{{url}}"],"path":["core","page","conditions"]}},"response":[]},{"name":"{{url}}/core/train-model","id":"941e1ed3-d474-4fc7-85d5-17fb32ff9888","protocolProfileBehavior":{"disableBodyPruning":true},"request":{"method":"POST","header":[{"key":"Authorization","value":"{{Authorization}}","type":"text","disabled":true}],"body":{"mode":"raw","raw":"","options":{"raw":{"language":"json"}}},"url":{"raw":"{{url}}/core/train-model?coreId=2","host":["{{url}}"],"path":["core","train-model"],"query":[{"key":"coreId","value":"2"}]}},"response":[]},{"name":"{{url}}/core/pred-model","id":"6f7476e5-978e-47ab-a1d1-a63dc79a7866","protocolProfileBehavior":{"disableBodyPruning":true},"request":{"method":"POST","header":[{"key":"Authorization","value":"{{Authorization}}","type":"text","disabled":true}],"body":{"mode":"raw","raw":"","options":{"raw":{"language":"json"}}},"url":{"raw":"{{url}}/core/pred-model?coreId=2","host":["{{url}}"],"path":["core","pred-model"],"query":[{"key":"coreId","value":"2"}]}},"response":[]},{"name":"{{url}}/feature/list","id":"939061ac-071d-41f0-87b6-6ce78bb425a7","protocolProfileBehavior":{"disableBodyPruning":true},"request":{"method":"GET","header":[{"key":"Authorization","value":"{{Authorization}}","type":"text","disabled":true}],"body":{"mode":"raw","raw":"{\r\n    \r\n}","options":{"raw":{"language":"json"}}},"url":{"raw":"{{url}}/feature/list?coreId=2","host":["{{url}}"],"path":["feature","list"],"query":[{"key":"coreId","value":"2"}]}},"response":[]}]}