{"info":{"_postman_id":"b454babd-47ac-48cd-a22d-c93adc0653f5","name":"数据实时推送","schema":"https://schema.getpostman.com/json/collection/v2.1.0/collection.json"},"item":[{"name":"{{url}}/push 新增 数据实时推送配置","id":"243cea4d-2de9-4155-bf08-b9b4dc2245d4","protocolProfileBehavior":{"disableBodyPruning":true},"request":{"method":"POST","header":[{"key":"Authorization","value":"{{Authorization}}","type":"default"}],"body":{"mode":"raw","raw":"{\r\n    \"tenantId\": 1,\r\n    \"businessId\": 12,\r\n    \"nodeId\": 22,\r\n    \"effectId\": 43,\r\n    \"name\": \"713事故等级判定结果数据实时推送\"\r\n}","options":{"raw":{"language":"json"}}},"url":{"raw":"{{url}}/push","host":["{{url}}"],"path":["push"]}},"response":[]},{"name":"{{url}}/push 删除 数据实时推送配置ById","id":"3ca95eef-01de-4034-b971-ebbbcc064348","protocolProfileBehavior":{"disableBodyPruning":true},"request":{"method":"DELETE","header":[{"key":"Authorization","value":"{{Authorization}}","type":"default"}],"body":{"mode":"raw","raw":"","options":{"raw":{"language":"json"}}},"url":{"raw":"{{url}}/push?id=1","host":["{{url}}"],"path":["push"],"query":[{"key":"id","value":"1"}]}},"response":[]},{"name":"{{url}}/push 修改 数据实时推送配置byId","id":"93735e48-b74e-4d94-ba6d-ade31bb77a29","protocolProfileBehavior":{"disableBodyPruning":true},"request":{"method":"PUT","header":[{"key":"Authorization","value":"{{Authorization}}","type":"default"}],"body":{"mode":"raw","raw":"{\r\n    \"id\": 1,\r\n    \"tenantId\": 1,\r\n    \"businessId\": 12,\r\n    \"nodeId\": 22,\r\n    \"effectId\": 55,\r\n    \"name\": \"水灾灾害等级判定结果数据实时推送\"\r\n}","options":{"raw":{"language":"json"}}},"url":{"raw":"{{url}}/push","host":["{{url}}"],"path":["push"]}},"response":[]},{"name":"{{url}}/push 查询 数据实时推送配置ById","id":"b2836393-bd8d-4b6d-9164-0d19ef16ab48","protocolProfileBehavior":{"disableBodyPruning":true},"request":{"method":"GET","header":[{"key":"Authorization","value":"{{Authorization}}","type":"default"}],"body":{"mode":"raw","raw":"","options":{"raw":{"language":"json"}}},"url":{"raw":"{{url}}/push?id=1","host":["{{url}}"],"path":["push"],"query":[{"key":"id","value":"1"}]}},"response":[]},{"name":"{{url}}/push/detail 查询 数据实时推送配置ById(跨服务)","id":"fc3a654c-ea5d-4fa4-973c-31a82c44cc97","protocolProfileBehavior":{"disableBodyPruning":true},"request":{"method":"GET","header":[{"key":"Authorization","value":"{{Authorization}}","type":"default"}],"body":{"mode":"raw","raw":"","options":{"raw":{"language":"json"}}},"url":{"raw":"{{url}}/push/detail?id=1","host":["{{url}}"],"path":["push","detail"],"query":[{"key":"id","value":"1"}]}},"response":[]},{"name":"{{url}}/push/lists 无参查询数据实时推送配置List","id":"04c3eac1-2275-4722-9ef4-e3ea4fabf8ec","protocolProfileBehavior":{"disableBodyPruning":true},"request":{"method":"GET","header":[{"key":"Authorization","value":"{{Authorization}}","type":"default"}],"url":{"raw":"{{url}}/push/lists","host":["{{url}}"],"path":["push","lists"]}},"response":[]},{"name":"{{url}}/push/lists/conditions 条件查询数据实时推送配置List","id":"26f763fa-5a4d-4d6e-9af9-910c9b8915c2","protocolProfileBehavior":{"disableBodyPruning":true},"request":{"method":"GET","header":[{"key":"Authorization","value":"{{Authorization}}","type":"default"}],"url":{"raw":"{{url}}/push/lists/conditions","host":["{{url}}"],"path":["push","lists","conditions"]}},"response":[]},{"name":"{{url}}/push/page/conditions 分页条件查询数据实时推送配置List","id":"baa488fa-f7ab-4d55-8710-9bb9a4912911","protocolProfileBehavior":{"disableBodyPruning":true},"request":{"method":"GET","header":[{"key":"Authorization","value":"{{Authorization}}","type":"default"}],"url":{"raw":"{{url}}/push/page/conditions","host":["{{url}}"],"path":["push","page","conditions"]}},"response":[]},{"name":"{{url}}/push/execute/{topic} 数据实时推送 Kafka 测试","event":[{"listen":"test","script":{"id":"f8fcab2d-67a1-4d74-b37b-138024a2ce42","exec":[""],"type":"text/javascript"}}],"id":"cf97a0ef-35c6-45a0-8da2-d0e1d1066562","protocolProfileBehavior":{"disableBodyPruning":true},"request":{"method":"POST","header":[{"key":"Authorization","value":"{{Authorization}}","type":"text"}],"body":{"mode":"raw","raw":"{\r\n    \"businessId\": 1,\r\n    \"modelInstanceId\": 70,\r\n    \"modelId\": 29,\r\n    \"nodeId\": \"75\",\r\n    \"sourceType\": \"3\",\r\n    \"sourceId\": 2,\r\n    \"data\": {\r\n        \"S\": \"100\"\r\n    }\r\n}","options":{"raw":{"language":"json"}}},"url":{"raw":"{{url}}/push/execute/handle_result_mq","host":["{{url}}"],"path":["push","execute","handle_result_mq"]},"description":"[\r\n    {\r\n        \"paramId\": 6,\r\n        \"paramValue\": 0.6\r\n    },\r\n    {\r\n        \"paramId\": 7,\r\n        \"paramValue\": -0.111\r\n    },\r\n    {\r\n        \"paramId\": 5,\r\n        \"paramValue\": 0.45\r\n    }\r\n]"},"response":[]}]}