{"info":{"_postman_id":"bc66d055-ad85-4763-b8e5-872be1869ec8","name":"物联网 - 合约管理 - contract","schema":"https://schema.getpostman.com/json/collection/v2.1.0/collection.json"},"item":[{"name":"{{url}}/contract 新增合约","id":"94e5df60-6d61-4d4e-bb00-b73f43e82acc","protocolProfileBehavior":{"disableBodyPruning":true},"request":{"method":"POST","header":[{"key":"Authorization","value":"{{Authorization}}","type":"text"}],"body":{"mode":"raw","raw":"{\r\n    \"contractUnityCode\": \"MH20092801\",\r\n    \"resourceId\": 12,\r\n    \"onwerId\": 12,\r\n    \"buyerId\": 12,\r\n    \"typeId\": 13,\r\n    \"name\": \"玲珑022\",\r\n    \"startTime\": \"2020-08-22 16:04:00\",\r\n    \"endTime\": \"2020-08-23 18:22:00\"\r\n}","options":{"raw":{"language":"json"}}},"url":{"raw":"{{url}}/contract","host":["{{url}}"],"path":["contract"]}},"response":[]},{"name":"{{url}}/contract/{id} 删除合约","id":"aba842a2-eca2-4f74-b61f-6add7ff07991","protocolProfileBehavior":{"disableBodyPruning":true},"request":{"method":"DELETE","header":[{"key":"Authorization","value":"{{Authorization}}","type":"text","disabled":true}],"url":{"raw":"{{url}}/contract/1","host":["{{url}}"],"path":["contract","1"]}},"response":[]},{"name":"{{url}}/contract 修改合约","id":"3f48ebbb-ee11-4cdf-9cce-4c1e9dfcd9d0","protocolProfileBehavior":{"disableBodyPruning":true},"request":{"method":"PUT","header":[{"key":"Authorization","value":"{{Authorization}}","type":"text"}],"url":{"raw":"{{url}}/contract","host":["{{url}}"],"path":["contract"]}},"response":[]},{"name":"{{url}}/contract/{id} 查询合约","id":"2672ab63-9a82-4ae3-9c83-0bc561e6b20b","protocolProfileBehavior":{"disableBodyPruning":true},"request":{"method":"GET","header":[{"key":"Authorization","value":"{{Authorization}}","type":"text"}],"url":{"raw":"{{url}}/contract/1","host":["{{url}}"],"path":["contract","1"]}},"response":[]},{"name":"{{url}}/contract/list","id":"08917967-1af7-463c-8b3b-25fb6d851a6f","protocolProfileBehavior":{"disableBodyPruning":true},"request":{"method":"GET","header":[{"key":"Authorization","value":"{{Authorization}}","type":"text","disabled":true}],"url":{"raw":"{{url}}/contract/list","host":["{{url}}"],"path":["contract","list"]}},"response":[]},{"name":"{{url}}/contract/list/conditions 条件查询合约列表","id":"ce2516f3-7087-4ab1-85f2-54ac72c861d8","protocolProfileBehavior":{"disableBodyPruning":true},"request":{"method":"GET","header":[{"key":"Authorization","value":"{{Authorization}}","type":"text"}],"url":{"raw":"{{url}}/contract/list/conditions","host":["{{url}}"],"path":["contract","list","conditions"]}},"response":[]},{"name":"{{url}}/contract/page/conditions 分页条件查询合约列表","id":"269c9dec-79f1-401a-a240-d8a5e47fadbb","protocolProfileBehavior":{"disableBodyPruning":true},"request":{"method":"GET","header":[{"key":"Authorization","value":"{{Authorization}}","type":"text"}],"url":{"raw":"{{url}}/contract/page/conditions","host":["{{url}}"],"path":["contract","page","conditions"]}},"response":[]},{"name":"{{url}}/contract/profile 查询合约资源概览","id":"8dc3366f-7b4f-452b-a836-211122a3d5c0","protocolProfileBehavior":{"disableBodyPruning":true},"request":{"method":"GET","header":[{"key":"Authorization","value":"{{Authorization}}","type":"text"}],"url":{"raw":"{{url}}/contract/profile","host":["{{url}}"],"path":["contract","profile"]}},"response":[]},{"name":"{{url}}/billing/{id}","id":"b440337a-b70d-418b-8d2f-a3de5472a48b","protocolProfileBehavior":{"disableBodyPruning":true},"request":{"method":"GET","header":[],"body":{"mode":"raw","raw":"","options":{"raw":{"language":"javascript"}}},"url":{"raw":"{{url}}/billing/1","host":["{{url}}"],"path":["billing","1"]}},"response":[]},{"name":"{{url}}/billing/list/conditions 条件查询账单细明列表","id":"19951e44-7bed-42f0-9529-85b4c3df0100","protocolProfileBehavior":{"disableBodyPruning":true},"request":{"method":"POST","header":[{"key":"Authorization","value":"{{Authorization}}","type":"text"}],"body":{"mode":"raw","raw":"{\r\n    \"contractCode\": \"HT1423597924641669120\"\r\n}","options":{"raw":{"language":"json"}}},"url":{"raw":"{{url}}/billing/list/conditions","host":["{{url}}"],"path":["billing","list","conditions"]}},"response":[]},{"name":"{{url}}/billing/page/conditions 分页条件查询账单细明列表 Copy","id":"8a9cc18a-cf37-4061-94bf-60c1bc3ead63","protocolProfileBehavior":{"disableBodyPruning":true},"request":{"method":"GET","header":[{"key":"Authorization","value":"{{Authorization}}","type":"text"}],"body":{"mode":"raw","raw":"","options":{"raw":{"language":"json"}}},"url":{"raw":"{{url}}/billing/page/conditions","host":["{{url}}"],"path":["billing","page","conditions"]}},"response":[]},{"name":"----------------------------分隔---------------------------","id":"22452fd3-5fde-464b-82c4-173ce3912ae3","protocolProfileBehavior":{"disableBodyPruning":true},"request":{"method":"GET","header":[],"url":{"raw":"----------------------------分隔---------------------------","host":["----------------------------分隔---------------------------"]}},"response":[]},{"name":"{{url}}/cash 新增回款计划","id":"f9de3fc8-9dee-4c94-a350-a850f8e3cc4c","protocolProfileBehavior":{"disableBodyPruning":true},"request":{"method":"POST","header":[{"key":"Authorization","value":"{{Authorization}}","type":"text","disabled":true}],"body":{"mode":"raw","raw":"{\r\n    \"contractId\": 1,\r\n    \"billId\": 11,\r\n    \"name\": \"测试\",\r\n    \"billPushTime\": \"2020-08-22 16:04:00\",\r\n    \"cashTime\": \"2020-08-23 16:04:00\"\r\n}","options":{"raw":{"language":"json"}}},"url":{"raw":"{{url}}/cash","host":["{{url}}"],"path":["cash"]}},"response":[]},{"name":"{{url}}/cash/{id} 删除回款计划","id":"35d12125-2795-4fb2-bcaa-453ce9f92489","protocolProfileBehavior":{"disableBodyPruning":true},"request":{"method":"DELETE","header":[{"key":"Authorization","value":"{{Authorization}}","type":"text","disabled":true}],"body":{"mode":"raw","raw":"{\r\n    \"contractId\": 1,\r\n    \"billId\": 12,\r\n    \"name\": 12,\r\n    \"billPushTime\": \"2020-08-22 16:04:00\",\r\n    \"cashTime\": \"2020-08-23 16:04:00\"\r\n}","options":{"raw":{"language":"json"}}},"url":{"raw":"{{url}}/cash/1","host":["{{url}}"],"path":["cash","1"]}},"response":[]},{"name":"{{url}}/cash 修改回款计划","id":"6a7124b4-bdfa-4b56-9478-321c3467ad85","protocolProfileBehavior":{"disableBodyPruning":true},"request":{"method":"PUT","header":[{"key":"Authorization","value":"{{Authorization}}","type":"text","disabled":true}],"body":{"mode":"raw","raw":"{\r\n    \"contractId\": 1,\r\n    \"billId\": 12,\r\n    \"name\": 12,\r\n    \"billPushTime\": \"2020-08-22 16:04:00\",\r\n    \"cashTime\": \"2020-08-23 16:04:00\"\r\n}","options":{"raw":{"language":"json"}}},"url":{"raw":"{{url}}/cash/1","host":["{{url}}"],"path":["cash","1"]}},"response":[]},{"name":"{{url}}/cash/{id} 查询回款计划","id":"63459db2-126d-438a-b530-314942f9fb6b","protocolProfileBehavior":{"disableBodyPruning":true},"request":{"method":"GET","header":[],"url":{"raw":"{{url}}/cash/1","host":["{{url}}"],"path":["cash","1"],"query":[{"key":"Authorization","value":"{{Authorization}}","disabled":true}]}},"response":[]},{"name":"{{url}}/cash/list 查询回款计划列表","id":"ffdca8e9-77cf-4e50-9762-24b18dbb9a06","protocolProfileBehavior":{"disableBodyPruning":true},"request":{"method":"GET","header":[{"key":"Authorization","value":"{{Authorization}}","type":"text","disabled":true}],"url":{"raw":"{{url}}/cash/list","host":["{{url}}"],"path":["cash","list"]}},"response":[]},{"name":"{{url}}/cash/list/conditions 条件查询回款计划列表","id":"b52e6c08-bece-4c54-93e8-09b459bfb0f6","protocolProfileBehavior":{"disableBodyPruning":true},"request":{"method":"GET","header":[{"key":"Authorization","value":"{{Authorization}}","type":"text","disabled":true}],"url":{"raw":"{{url}}/cash/list/conditions","host":["{{url}}"],"path":["cash","list","conditions"]}},"response":[]},{"name":"{{url}}/cash/page/conditions 分页条件查询回款计划列表","id":"a62fc4de-a47e-4e7f-bd7a-21a210e58b60","protocolProfileBehavior":{"disableBodyPruning":true},"request":{"method":"GET","header":[{"key":"Authorization","value":"{{Authorization}}","type":"text","disabled":true}],"url":{"raw":"{{url}}/cash/page/conditions","host":["{{url}}"],"path":["cash","page","conditions"]}},"response":[]},{"name":"----------------------------分隔---------------------------","id":"fad5c611-feb7-43d3-bc92-e53d0bf62244","protocolProfileBehavior":{"disableBodyPruning":true},"request":{"method":"GET","header":[],"url":{"raw":"----------------------------分隔---------------------------","host":["----------------------------分隔---------------------------"]}},"response":[]},{"name":"{{url}}/model 新增合约模板","id":"04e66933-5a04-41ef-ad5c-2acc86f7e9e8","protocolProfileBehavior":{"disableBodyPruning":true},"request":{"method":"POST","header":[{"key":"Authorization","value":"{{Authorization}}","type":"text","disabled":true}],"body":{"mode":"raw","raw":"{\r\n    \"tenantId\":2,\r\n    \"typeId\":1,\r\n    \"specialId\":102,\r\n    \"name\":\"kaikai\",\r\n    \"heading\":\"xxxxxxxxxxxxxxxxxxxxxx\",\r\n    \"bodyOfContract\":\"ggggggggggggg\",\r\n    \"status\":\"0\"\r\n}","options":{"raw":{"language":"json"}}},"url":{"raw":"{{url}}/model","host":["{{url}}"],"path":["model"]}},"response":[]},{"name":"{{url}}/model/{id} 删除合约模板","id":"794a6c19-95cd-4d8c-8d37-6cfdb4197f8b","protocolProfileBehavior":{"disableBodyPruning":true},"request":{"method":"DELETE","header":[{"key":"Authorization","value":"{{Authorization}}","type":"text"}],"url":{"raw":"{{url}}/model/12","host":["{{url}}"],"path":["model","12"]}},"response":[]},{"name":"{{url}}/model 修改合约模板","id":"1a94acf3-a55d-490c-92c0-5fa87a4eac9b","protocolProfileBehavior":{"disableBodyPruning":true},"request":{"method":"POST","header":[{"key":"Authorization","value":"{{Authorization}}","type":"text","disabled":true}],"body":{"mode":"raw","raw":"{\r\n    \"tenantId\":2,\r\n    \"typeId\":1,\r\n    \"specialId\":102,\r\n    \"name\":\"kaikai\",\r\n    \"heading\":\"xxxxxxxxxxxxxxxxxxxxxx\",\r\n    \"bodyOfContract\":\"ggggggggggggg\",\r\n    \"status\":\"0\"\r\n}","options":{"raw":{"language":"json"}}},"url":{"raw":"{{url}}/model","host":["{{url}}"],"path":["model"]}},"response":[]},{"name":"{{url}}/model/{id} 查询合约模板","id":"441e4816-a3fd-43fb-bc33-757e106396e2","protocolProfileBehavior":{"disableBodyPruning":true},"request":{"method":"GET","header":[{"key":"Authorization","value":"{{Authorization}}","type":"text","disabled":true}],"url":{"raw":"{{url}}/model/12","host":["{{url}}"],"path":["model","12"]}},"response":[]},{"name":"{{url}}/model/detail 根据id查询合约模板详情(跨服务)","id":"239681f5-3801-48d0-82ab-81074cd03de2","protocolProfileBehavior":{"disableBodyPruning":true},"request":{"method":"GET","header":[{"key":"Authorization","value":"{{Authorization}}","type":"text","disabled":true}],"url":{"raw":"{{url}}/model/detail?id=1","host":["{{url}}"],"path":["model","detail"],"query":[{"key":"id","value":"1"}]}},"response":[]},{"name":"{{url}}/model/list/conditions 条件查询合约模板List","id":"c001bcb4-6b74-4ef7-a81f-5f526ce0902c","protocolProfileBehavior":{"disableBodyPruning":true},"request":{"method":"GET","header":[{"key":"Authorization","value":"{{Authorization}}","type":"text"}],"url":{"raw":"{{url}}/model/list/conditions","host":["{{url}}"],"path":["model","list","conditions"]}},"response":[]},{"name":"{{url}}/model/page/conditions 条件查询合约模板Page","id":"57ac89b0-edda-48b1-b5ef-60bfc6a5a258","protocolProfileBehavior":{"disableBodyPruning":true},"request":{"method":"GET","header":[{"key":"Authorization","value":"{{Authorization}}","type":"text"}],"url":{"raw":"{{url}}/model/page/conditions","host":["{{url}}"],"path":["model","page","conditions"]}},"response":[]},{"name":"{{url}}/special/list/conditions 条件查询合约模板特性List","id":"02bb9aa1-f89d-41ba-a320-81dfd1651d84","protocolProfileBehavior":{"disableBodyPruning":true},"request":{"method":"GET","header":[{"key":"Authorization","value":"{{Authorization}}","type":"text"}],"url":{"raw":"{{url}}/special/list/conditions","host":["{{url}}"],"path":["special","list","conditions"]}},"response":[]},{"name":"{{url}}/special/page/conditions 分页条件查询合约模板特性List","id":"e999a377-1829-42a9-8e18-41454a42f99b","protocolProfileBehavior":{"disableBodyPruning":true},"request":{"method":"GET","header":[{"key":"Authorization","value":"{{Authorization}}","type":"text"}],"url":{"raw":"{{url}}/special/page/conditions","host":["{{url}}"],"path":["special","page","conditions"]}},"response":[]},{"name":"----------------------------分隔--------------------------- Copy","id":"b7429759-9048-45e3-9713-c1e9e01382e7","protocolProfileBehavior":{"disableBodyPruning":true},"request":{"method":"GET","header":[],"url":{"raw":"----------------------------分隔---------------------------","host":["----------------------------分隔---------------------------"]}},"response":[]},{"name":"{{url}}/type/list/conditions 条件查询合约类型","id":"13fa0bd6-620e-4f29-b77f-92b5c2440579","protocolProfileBehavior":{"disableBodyPruning":true},"request":{"method":"GET","header":[{"key":"Authorization","value":"{{Authorization}}","type":"text"}],"url":{"raw":"{{url}}/type/list/conditions","host":["{{url}}"],"path":["type","list","conditions"]}},"response":[]},{"name":"{{url}}/type/page/conditions 分页条件查询合约类型","id":"67af0468-0ca0-4d4d-920c-650fa83189c5","protocolProfileBehavior":{"disableBodyPruning":true},"request":{"method":"GET","header":[{"key":"Authorization","value":"{{Authorization}}","type":"text"}],"url":{"raw":"{{url}}/type/page/conditions","host":["{{url}}"],"path":["type","page","conditions"]}},"response":[]}]}