{"info":{"_postman_id":"bce04854-5f6d-4bf3-b31b-57351ab6baf4","name":"物联网 - 资源管理 - Gold Resource","schema":"https://schema.getpostman.com/json/collection/v2.1.0/collection.json"},"item":[{"name":"192.168.1.175:9999/auth/oauth/token 用户登录","id":"1015435f-ede7-41ed-a9dc-c88f5b01c8c9","protocolProfileBehavior":{"disableBodyPruning":true},"request":{"method":"POST","header":[{"key":"Content-Type","name":"Content-Type","type":"text","value":"application/x-www-form-urlencoded"},{"key":"Authorization","type":"text","value":"Basic dGVzdDp0ZXN0"}],"body":{"mode":"urlencoded","urlencoded":[{"key":"username","type":"text","value":"admin"},{"key":"password","type":"text","value":"123456"},{"key":"grant_type","type":"text","value":"password"}]},"url":{"raw":"192.168.1.175:9999/auth/oauth/token","host":["192","168","1","175"],"port":"9999","path":["auth","oauth","token"]}},"response":[]},{"name":"resources 新增资源信息 （gold-直接使用）","id":"0837fb1e-df52-4acd-88b5-9ac0c4c210e0","protocolProfileBehavior":{"disableBodyPruning":true},"request":{"method":"POST","header":[],"body":{"mode":"raw","raw":"{\n    \"tenantId\": 1,\n    \"structureId\": 51,\n    \"accountId\": 10086,\n    \"typeId\": 2,\n    \"name\": \"3层\",\n    \"labelId\": [\n        1,\n        2,\n        3,\n        4,\n        5\n    ],\n    \"facilitiesId\": [\n        1,\n        2,\n        5,\n        6\n    ],\n    \"picture\": \"[[pic01],[pic02]][[pic01],[pic02]][[pic01],[pic02]][[pic01],[pic02]]\",\n    \"cashPledge\": \"500\",\n    \"houseType\": \"两室一厅\",\n    \"area\": \"\",\n    \"introduction\": \"这是一件于2020.04.02添加的房源\",\n    \"mapLocation\": \"\"\n}","options":{"raw":{"language":"json"}}},"url":{"raw":"{{url}}/resources","host":["{{url}}"],"path":["resources"]}},"response":[]},{"name":"resources/add-two 同步添加：资源+自定义字段属性值","id":"e5de7ee8-fc7d-40de-aeb2-6ba7c679d701","protocolProfileBehavior":{"disableBodyPruning":true},"request":{"method":"POST","header":[],"body":{"mode":"raw","raw":"{\n    \"tenantId\": 1,\n    \"structureId\": 40,\n    \"accountId\": 10086,\n    \"typeId\": 2,\n    \"name\": \"3层\",\n    \"labelId\": [\n        1,\n        2,\n        3\n    ],\n    \"facilitiesId\": [\n        5,\n        6\n    ],\n    \"picture\": \"[[pic01],[pic02]][[pic01],[pic02]][[pic01],[pic02]][[pic01],[pic02]]\",\n    \"cashPledge\": \"500\",\n    \"houseType\": \"两室一厅\",\n    \"area\": \"\",\n    \"introduction\": \"这是一件于2020.04.02添加的房源\",\n    \"iotFieldValueDTOList\": [\n        {\n            \"fieldId\": \"2\",\n            \"value\": \"991\",\n            \"countId\": \"101\"\n        },\n        {\n            \"fieldId\": \"3\",\n            \"value\": \"992\",\n            \"countId\": \"102\"\n        }\n    ]\n}","options":{"raw":{"language":"json"}}},"url":{"raw":"{{url}}/resources/add-two","host":["{{url}}"],"path":["resources","add-two"]}},"response":[]},{"name":"resources/{id} 删除资源","id":"4f18c79f-2c56-44b6-a57d-360de00afa28","protocolProfileBehavior":{"disableBodyPruning":true},"request":{"method":"DELETE","header":[],"body":{"mode":"raw","raw":"","options":{"raw":{"language":"json"}}},"url":{"raw":"{{url}}/resources/2","host":["{{url}}"],"path":["resources","2"]}},"response":[]},{"name":"resources 修改资源信息byId","id":"c47d537a-a8ac-41e2-a1dd-b9faf62a834b","protocolProfileBehavior":{"disableBodyPruning":true},"request":{"method":"PUT","header":[],"body":{"mode":"raw","raw":"{\n    \"id\": 30,\n    \"tenantId\": 1,\n    \"structureId\": 40,\n    \"accountId\": 10086,\n    \"typeId\": 2,\n    \"name\": \"青年公寓\",\n    \"facilitiesId\": [\n        3,\n        4,\n        5\n    ],\n    \"labelId\": [\n        1,\n        2,\n        3,\n        4\n    ],\n    \"picture\": \"[[pic01],[pic02]]\",\n    \"cashPledge\": \"500\",\n    \"houseType\": \"两室一厅\",\n    \"area\": \"\",\n    \"introduction\": \"这是一件于2020.04.02添加的房源\",\n    \"mapLocation\": \"\"\n}","options":{"raw":{"language":"json"}}},"url":{"raw":"{{url}}/resources","host":["{{url}}"],"path":["resources"]}},"response":[]},{"name":"resources/status 修改资源状态","id":"d1b9541b-e3a0-4f1f-a790-e081a1504879","protocolProfileBehavior":{"disableBodyPruning":true},"request":{"method":"PUT","header":[],"body":{"mode":"raw","raw":"{\n    \"id\": 7,\n    \"status\": \"6\"\n}","options":{"raw":{"language":"json"}}},"url":{"raw":"{{url}}/resources/status","host":["{{url}}"],"path":["resources","status"]}},"response":[]},{"name":"resources/tenant 修改资源与普通租户的关联关系","id":"d9984dff-3de1-4f56-9522-f68285f0d2a5","protocolProfileBehavior":{"disableBodyPruning":true},"request":{"method":"PUT","header":[],"body":{"mode":"raw","raw":"{\n    \"id\": 7,\n    \"parentId\": \"6\"\n}","options":{"raw":{"language":"json"}}},"url":{"raw":"{{url}}/resources/tenant","host":["{{url}}"],"path":["resources","tenant"]}},"response":[]},{"name":"resources/{id} 查询资源详情byId","id":"cb59dae1-3dab-4458-9be8-1c52491a4375","protocolProfileBehavior":{"disableBodyPruning":true},"request":{"method":"GET","header":[{"key":"Authorization","value":"{{Authorization}}","type":"text"}],"url":{"raw":"{{url}}/resources/3","host":["{{url}}"],"path":["resources","3"]}},"response":[]},{"name":"resources/detail/{id} 查询资源详情（数据整合）byId","id":"bfde8c34-13d6-4d7c-ab83-2dc3ffbb0d78","protocolProfileBehavior":{"disableBodyPruning":true},"request":{"method":"GET","header":[{"key":"Authorization","value":"{{Authorization}}","type":"text"}],"url":{"raw":"{{url}}/resources/detail/4","host":["{{url}}"],"path":["resources","detail","4"]}},"response":[]},{"name":"resources/list 房源信息List查询","id":"7ce7da0f-2da5-46b4-9e65-a92422990b90","protocolProfileBehavior":{"disableBodyPruning":true},"request":{"method":"GET","header":[],"body":{"mode":"raw","raw":"","options":{"raw":{"language":"json"}}},"url":{"raw":"{{url}}/resources/list","host":["{{url}}"],"path":["resources","list"],"query":[{"key":"status","value":null,"type":"text","disabled":true},{"key":"type_id","value":"2","type":"text","disabled":true}]}},"response":[]},{"name":"resources/list/conditions 房源信息条件查询","id":"69a3c27f-c2a6-4e34-85d6-30148e26f650","protocolProfileBehavior":{"disableBodyPruning":true},"request":{"method":"POST","header":[{"key":"Authorization","type":"text","value":"{{Authorization}}","disabled":true}],"body":{"mode":"raw","raw":"{}","options":{"raw":{"language":"json"}}},"url":{"raw":"{{url}}/resources/list/conditions","host":["{{url}}"],"path":["resources","list","conditions"]}},"response":[]},{"name":"resources/page/conditions 房源信息分页查询","id":"19d7689b-60fa-40c2-9244-6ea627f03c50","protocolProfileBehavior":{"disableBodyPruning":true},"request":{"method":"POST","header":[{"key":"Authorization","type":"text","value":"{{Authorization}}"}],"body":{"mode":"raw","raw":"","options":{"raw":{"language":"json"}}},"url":{"raw":"{{url}}/resources/page/conditions?current=1&size=20","host":["{{url}}"],"path":["resources","page","conditions"],"query":[{"key":"current","value":"1"},{"key":"size","value":"20"},{"key":"status","type":"text","value":null,"disabled":true},{"key":"name","value":"青年公寓","disabled":true},{"key":"type_id","type":"text","value":"2","disabled":true}]}},"response":[]},{"name":"resources/list/label-id 根据标签List<id>查询资源集合","id":"667f818b-1009-489e-b0c2-fea2e178c564","protocolProfileBehavior":{"disableBodyPruning":true},"request":{"method":"POST","header":[{"key":"Authorization","type":"text","value":"{{Authorization}}","disabled":true}],"body":{"mode":"raw","raw":"{\r\n    \"labelId\": [\r\n        4\r\n    ]\r\n}","options":{"raw":{"language":"json"}}},"url":{"raw":"{{url}}/resources/list/label-id","host":["{{url}}"],"path":["resources","list","label-id"]}},"response":[]},{"name":"resources/page/label-id 根据标签List<id>分页查询资源集合 - 存在异常","id":"7b29f629-23e5-44d1-83ef-48b0c442dc25","protocolProfileBehavior":{"disableBodyPruning":true},"request":{"method":"POST","header":[{"key":"Authorization","type":"text","value":"{{Authorization}}","disabled":true}],"body":{"mode":"raw","raw":"","options":{"raw":{"language":"json"}}},"url":{"raw":"{{url}}/resources/page/label-id?current=1&size=20&labelIdList=4&name=湖景公寓","host":["{{url}}"],"path":["resources","page","label-id"],"query":[{"key":"current","value":"1"},{"key":"size","value":"20"},{"key":"labelIdList","value":"4"},{"key":"name","value":"湖景公寓"},{"key":"typeId","type":"text","value":"2","disabled":true}]}},"response":[]},{"name":"resources/profile 资源中心资源概览 - ResourceProfileVO","id":"793ccd07-dae9-4d84-9c1d-c98ccdd1e8ef","protocolProfileBehavior":{"disableBodyPruning":true},"request":{"method":"GET","header":[{"key":"Authorization","type":"text","value":"{{Authorization}}"}],"body":{"mode":"raw","raw":"","options":{"raw":{"language":"json"}}},"url":{"raw":"{{url}}/resources/profile","host":["{{url}}"],"path":["resources","profile"]}},"response":[]},{"name":"resources/profile/map 资源中心资源一张图 - ResourceMapVO","id":"9e2c1572-23f3-4563-958d-c0bf9c553fa1","protocolProfileBehavior":{"disableBodyPruning":true},"request":{"method":"GET","header":[{"key":"Authorization","type":"text","value":"bearer a9bb4143-e85a-4d15-bec3-90e3e425516b","disabled":true}],"body":{"mode":"raw","raw":"","options":{"raw":{"language":"json"}}},"url":{"raw":"{{url}}/resources/profile/map?tenantId=1","host":["{{url}}"],"path":["resources","profile","map"],"query":[{"key":"tenantId","value":"1"}]}},"response":[]},{"name":"---------------------------------type------------------------------------","id":"c6983637-311f-4fa1-8edb-475c02401b13","protocolProfileBehavior":{"disableBodyPruning":true},"request":{"method":"GET","header":[],"url":{"raw":""}},"response":[]},{"name":"type 新增资源类型","id":"099c6f92-cf4e-4496-9191-30a03d61818a","protocolProfileBehavior":{"disableBodyPruning":true},"request":{"method":"POST","header":[],"body":{"mode":"raw","raw":"{\n    \"name\": \"瑜伽室\",\n    \"attribute\": \"0\",\n    \"type\":\"0\"\n}","options":{"raw":{"language":"json"}}},"url":{"raw":"{{url}}/type","host":["{{url}}"],"path":["type"]}},"response":[]},{"name":"type/{id} 删除资源类型","id":"3a84b237-52ef-4c14-8546-fc19c1006141","protocolProfileBehavior":{"disableBodyPruning":true},"request":{"method":"DELETE","header":[],"body":{"mode":"raw","raw":"","options":{"raw":{"language":"json"}}},"url":{"raw":"{{url}}/type/5","host":["{{url}}"],"path":["type","5"]}},"response":[]},{"name":"type 修改资源类型byId","id":"505157c2-285b-44db-a1b4-085c17722bd8","protocolProfileBehavior":{"disableBodyPruning":true},"request":{"method":"PUT","header":[],"body":{"mode":"raw","raw":"{\n    \"id\": \"8\",\n    \"name\": \"健身室2\",\n    \"attribute\": \"1\"\n}","options":{"raw":{"language":"json"}}},"url":{"raw":"{{url}}/type","host":["{{url}}"],"path":["type"]}},"response":[]},{"name":"type/{id} 查询源类型byId","id":"5abb5763-0a5b-4396-8359-8c3433efa9ca","protocolProfileBehavior":{"disableBodyPruning":true},"request":{"method":"GET","header":[],"body":{"mode":"raw","raw":"","options":{"raw":{"language":"json"}}},"url":{"raw":"{{url}}/type/5","host":["{{url}}"],"path":["type","5"]}},"response":[]},{"name":"type/list 查询资源类型list","id":"188a75fd-8853-461e-87a6-c119b3396ef5","protocolProfileBehavior":{"disableBodyPruning":true},"request":{"method":"GET","header":[],"body":{"mode":"raw","raw":"","options":{"raw":{"language":"json"}}},"url":{"raw":"{{url}}/type/list","host":["{{url}}"],"path":["type","list"]}},"response":[]},{"name":"type/list/conditions 条件查询资源类型list","id":"fa7ea7fa-56c0-4546-be92-644b8b380c37","protocolProfileBehavior":{"disableBodyPruning":true},"request":{"method":"GET","header":[],"body":{"mode":"raw","raw":"","options":{"raw":{"language":"json"}}},"url":{"raw":"{{url}}/type/list/conditions","host":["{{url}}"],"path":["type","list","conditions"],"query":[{"key":"type","value":"1","disabled":true}]}},"response":[]},{"name":"type/page/conditions 条件查询资源类型Page","id":"ae78c7a4-6ad8-47b7-99a1-bdcd4c80e3a8","protocolProfileBehavior":{"disableBodyPruning":true},"request":{"method":"GET","header":[],"body":{"mode":"raw","raw":"","options":{"raw":{"language":"json"}}},"url":{"raw":"{{url}}/type/page/conditions","host":["{{url}}"],"path":["type","page","conditions"],"query":[{"key":"type","value":"1","disabled":true}]}},"response":[]},{"name":"---------------------------------facilities------------------------------------","id":"c3c61723-880b-4024-980e-f52a4b12e74f","protocolProfileBehavior":{"disableBodyPruning":true},"request":{"method":"GET","header":[],"url":{"raw":""}},"response":[]},{"name":"facilities 新增设施设备","id":"53a07b98-b1a2-4db6-9302-b5de329ead2f","protocolProfileBehavior":{"disableBodyPruning":true},"request":{"method":"POST","header":[],"body":{"mode":"raw","raw":"{\n    \"tenantId\": \"2\",\n    \"typeId\": \"3\",\n    \"name\": \"扫地机器人T30\",\n    \"price\":200000.223\n}","options":{"raw":{"language":"json"}}},"url":{"raw":"{{url}}/facilities","host":["{{url}}"],"path":["facilities"]}},"response":[]},{"name":"facilities/{id} 删除设施设备byId","id":"6a3ccbeb-72e6-44f9-92c2-ef320066b2f6","protocolProfileBehavior":{"disableBodyPruning":true},"request":{"method":"DELETE","header":[],"body":{"mode":"raw","raw":"","options":{"raw":{"language":"json"}}},"url":{"raw":"{{url}}/facilities/6","host":["{{url}}"],"path":["facilities","6"]}},"response":[]},{"name":"facilities 修改设施设备","id":"8826f1a2-2a58-459f-835d-fa3949bf4bc0","protocolProfileBehavior":{"disableBodyPruning":true},"request":{"method":"PUT","header":[],"body":{"mode":"raw","raw":"{\n    \"id\": \"10\",\n    \"name\": \"冰箱XXI\",\n    \"type\": \"2\"\n}","options":{"raw":{"language":"json"}}},"url":{"raw":"{{url}}/facilities","host":["{{url}}"],"path":["facilities"]}},"response":[]},{"name":"facilities/{id} 查询设施设备byId","id":"85ec23a4-130a-4ac1-8272-45ab76acbad0","protocolProfileBehavior":{"disableBodyPruning":true},"request":{"method":"GET","header":[],"body":{"mode":"raw","raw":"","options":{"raw":{"language":"json"}}},"url":{"raw":"{{url}}/facilities/8","host":["{{url}}"],"path":["facilities","8"]}},"response":[]},{"name":"facilities/list 查询设施设备List","id":"fccf4450-d050-4ce9-8310-cc977a90cc8f","protocolProfileBehavior":{"disableBodyPruning":true},"request":{"method":"GET","header":[],"body":{"mode":"raw","raw":"","options":{"raw":{"language":"json"}}},"url":{"raw":"{{url}}/facilities/list","host":["{{url}}"],"path":["facilities","list"]}},"response":[]},{"name":"facilities/list/conditions 根据条件查询资源设备List","id":"6f0304ac-3eda-4b3a-a6bc-7e1c7366cb1e","protocolProfileBehavior":{"disableBodyPruning":true},"request":{"method":"GET","header":[],"url":{"raw":"{{url}}/facilities/list/conditions","host":["{{url}}"],"path":["facilities","list","conditions"],"query":[{"key":"typeId","value":"2","disabled":true},{"key":"status","type":"text","value":null,"disabled":true}]}},"response":[]},{"name":"facilities/list/has-used 查询已被使用的设备设施列表","id":"378033a0-431e-4b0f-b6c7-b9e0c2af491a","protocolProfileBehavior":{"disableBodyPruning":true},"request":{"method":"GET","header":[],"url":{"raw":"{{url}}/facilities/list/has-used","host":["{{url}}"],"path":["facilities","list","has-used"],"query":[{"key":"status","type":"text","value":null,"disabled":true}]}},"response":[]},{"name":"facilities/list/has-unused 查询未被使用的设备设施列表","id":"f68f46c5-9e4c-48e0-b34c-a3513cdcf5b5","protocolProfileBehavior":{"disableBodyPruning":true},"request":{"method":"GET","header":[],"url":{"raw":"{{url}}/facilities/list/has-unused","host":["{{url}}"],"path":["facilities","list","has-unused"],"query":[{"key":"status","type":"text","value":null,"disabled":true}]}},"response":[]},{"name":"facilities/page/conditions 根据条件查询资源设备Page","id":"0d32c05f-ce7b-490a-aff5-453972a1b5e3","protocolProfileBehavior":{"disableBodyPruning":true},"request":{"method":"GET","header":[],"body":{"mode":"raw","raw":"","options":{"raw":{"language":"json"}}},"url":{"raw":"{{url}}/facilities/page/conditions","host":["{{url}}"],"path":["facilities","page","conditions"]}},"response":[]},{"name":"---------------------------------label------------------------------------","id":"2298cee1-55e9-4496-9d97-118dfc959ec8","protocolProfileBehavior":{"disableBodyPruning":true},"request":{"method":"GET","header":[],"url":{"raw":""}},"response":[]},{"name":"label 新增资源标签","id":"0e218e8e-2652-485e-9514-8256183549c8","protocolProfileBehavior":{"disableBodyPruning":true},"request":{"method":"POST","header":[],"body":{"mode":"raw","raw":"{\n    \"typeId\": \"1\",\n    \"name\": \"湖景\"\n}","options":{"raw":{"language":"json"}}},"url":{"raw":"{{url}}/label","host":["{{url}}"],"path":["label"]}},"response":[]},{"name":"label/{id} 删除资源标签ById","id":"a95a9b6c-5fa8-4711-b0fd-7a5e7edbdd85","protocolProfileBehavior":{"disableBodyPruning":true},"request":{"method":"DELETE","header":[],"body":{"mode":"raw","raw":"","options":{"raw":{"language":"json"}}},"url":{"raw":"{{url}}/label/2","host":["{{url}}"],"path":["label","2"]}},"response":[]},{"name":"label 修改资源标签","id":"0bada37c-510b-48b0-b432-8b2b4fda789a","protocolProfileBehavior":{"disableBodyPruning":true},"request":{"method":"PUT","header":[],"body":{"mode":"raw","raw":"{\r\n    \"id\": 1,\r\n    \"typeId\": \"0\",\r\n    \"name\": \"独卫\"\r\n}","options":{"raw":{"language":"json"}}},"url":{"raw":"{{url}}/label","host":["{{url}}"],"path":["label"]}},"response":[]},{"name":"label/{id} 查询资源标签ById","id":"8cc20093-12e9-4c0c-9dc9-8082e60b17ab","protocolProfileBehavior":{"disableBodyPruning":true},"request":{"method":"GET","header":[],"body":{"mode":"raw","raw":"","options":{"raw":{"language":"json"}}},"url":{"raw":"{{url}}/label/2","host":["{{url}}"],"path":["label","2"]}},"response":[]},{"name":"label/list 条件查询资源标签List","id":"97bae5dc-0ec8-42d3-ac66-d67fd775fce9","protocolProfileBehavior":{"disableBodyPruning":true},"request":{"method":"GET","header":[],"body":{"mode":"raw","raw":"","options":{"raw":{"language":"json"}}},"url":{"raw":"{{url}}/label/list?typeId=1","host":["{{url}}"],"path":["label","list"],"query":[{"key":"typeId","value":"1"}]}},"response":[]},{"name":"label/page 条件查询资源标签Page","id":"9b59ee79-966c-4e31-9a0f-e5374eac2692","protocolProfileBehavior":{"disableBodyPruning":true},"request":{"method":"GET","header":[],"body":{"mode":"raw","raw":"","options":{"raw":{"language":"json"}}},"url":{"raw":"{{url}}/label/page?typeId=1","host":["{{url}}"],"path":["label","page"],"query":[{"key":"typeId","value":"1"},{"key":"status","type":"text","value":"1","disabled":true}]}},"response":[]},{"name":"---------------------------------field------------------------------------","id":"67110ab6-1fb8-4d3b-81cd-c26977bfcf52","protocolProfileBehavior":{"disableBodyPruning":true},"request":{"method":"GET","header":[],"url":{"raw":""}},"response":[]},{"name":"field 新增类型字段","id":"b5c5251f-db97-4f59-a6ac-2cf01cfd0d19","protocolProfileBehavior":{"disableBodyPruning":true},"request":{"method":"POST","header":[],"body":{"mode":"raw","raw":"{\n    \"typeId\": 2,\n    \"fieldType\": \"input\",\n    \"fieldName\": \"资源商标\"\n}","options":{"raw":{"language":"json"}}},"url":{"raw":"{{url}}/field","host":["{{url}}"],"path":["field"]}},"response":[]},{"name":"field/batch 批量新增类型字段","id":"34becf3d-90c7-4fe0-9137-358044609022","protocolProfileBehavior":{"disableBodyPruning":true},"request":{"method":"POST","header":[],"body":{"mode":"raw","raw":"[\n    {\n        \"typeId\": 7,\n        \"fieldType\": \"input\",\n        \"fieldName\": \"配套资源A\"\n    },\n    {\n        \"typeId\": 7,\n        \"fieldType\": \"input\",\n        \"fieldName\": \"配套资源B\"\n    },\n    {\n        \"typeId\": 7,\n        \"fieldType\": \"input\",\n        \"fieldName\": \"配套资源C\"\n    },\n    {\n        \"typeId\": 7,\n        \"fieldType\": \"input\",\n        \"fieldName\": \"配套资源D\"\n    },\n    {\n        \"typeId\": 7,\n        \"fieldType\": \"input\",\n        \"fieldName\": \"配套资源E\"\n    },\n    {\n        \"typeId\": 7,\n        \"fieldType\": \"input\",\n        \"fieldName\": \"配套资源F\"\n    }\n]","options":{"raw":{"language":"json"}}},"url":{"raw":"{{url}}/field/batch","host":["{{url}}"],"path":["field","batch"]}},"response":[]},{"name":"field 删除类型字段byId","id":"3c37d32d-9f07-432c-b3f5-a47f726022ab","protocolProfileBehavior":{"disableBodyPruning":true},"request":{"method":"DELETE","header":[],"body":{"mode":"raw","raw":"","options":{"raw":{"language":"json"}}},"url":{"raw":"{{url}}/field/2","host":["{{url}}"],"path":["field","2"]}},"response":[]},{"name":"field 修改类型字段","id":"82bddb6a-45e5-4b4c-86be-319b2d9011ba","protocolProfileBehavior":{"disableBodyPruning":true},"request":{"method":"PUT","header":[],"body":{"mode":"raw","raw":"{\n    \"id\":2,\n    \"typeId\": 1,\n    \"fieldType\": \"input\",\n    \"fieldName\": \"资源定价\"\n}","options":{"raw":{"language":"json"}}},"url":{"raw":"{{url}}/field","host":["{{url}}"],"path":["field"]}},"response":[]},{"name":"field/batch 批量修改类型字段","id":"aa141332-7520-4299-ba2d-2fdd85193894","protocolProfileBehavior":{"disableBodyPruning":true},"request":{"method":"PUT","header":[],"body":{"mode":"raw","raw":"[\n    {\n        \"id\":36,\n        \"typeId\": 7,\n        \"fieldType\": \"input\",\n        \"fieldName\": \"配套资源Aa\"\n    },\n    {\n        \"id\":37,\n        \"typeId\": 7,\n        \"fieldType\": \"input\",\n        \"fieldName\": \"配套资源Bb\"\n    },\n    {\n        \"id\":38,\n        \"typeId\": 7,\n        \"fieldType\": \"input\",\n        \"fieldName\": \"配套资源Cc\"\n    },\n    {\n        \"id\":39,\n        \"typeId\": 7,\n        \"fieldType\": \"input\",\n        \"fieldName\": \"配套资源Dd\"\n    },\n    {\n        \"id\":40,\n        \"typeId\": 7,\n        \"fieldType\": \"input\",\n        \"fieldName\": \"配套资源Ee\"\n    },\n    {\n        \"id\":41,\n        \"typeId\": 7,\n        \"fieldType\": \"input\",\n        \"fieldName\": \"配套资源Ff\"\n    }\n]","options":{"raw":{"language":"json"}}},"url":{"raw":"{{url}}/field/batch","host":["{{url}}"],"path":["field","batch"]}},"response":[]},{"name":"field/{id} 查询类型字段byId","id":"4fc231bb-fff1-4b85-aadb-d8ce17595940","protocolProfileBehavior":{"disableBodyPruning":true},"request":{"method":"GET","header":[],"body":{"mode":"raw","raw":"","options":{"raw":{"language":"json"}}},"url":{"raw":"{{url}}/field/1","host":["{{url}}"],"path":["field","1"]}},"response":[]},{"name":"field/list 查询类型字段List","id":"4ef82229-3da0-4067-8906-09268370243a","protocolProfileBehavior":{"disableBodyPruning":true},"request":{"method":"GET","header":[],"body":{"mode":"raw","raw":"","options":{"raw":{"language":"json"}}},"url":{"raw":"{{url}}/field/list","host":["{{url}}"],"path":["field","list"]}},"response":[]},{"name":"field/list/conditions 条件查询类型字段List","id":"fd745b7a-7085-48a6-8527-0ca5fd29dfa9","protocolProfileBehavior":{"disableBodyPruning":true},"request":{"method":"GET","header":[],"body":{"mode":"raw","raw":"","options":{"raw":{"language":"json"}}},"url":{"raw":"{{url}}/field/list/conditions?typeId=1","host":["{{url}}"],"path":["field","list","conditions"],"query":[{"key":"typeId","value":"1"}]}},"response":[]},{"name":"---------------------------------value------------------------------------","id":"80963b2d-e777-49ee-9b67-9315f348f08a","protocolProfileBehavior":{"disableBodyPruning":true},"request":{"method":"GET","header":[],"url":{"raw":""}},"response":[]},{"name":"value 新增类型字段值","id":"e0677258-c21f-4005-b46f-178c185b78b3","protocolProfileBehavior":{"disableBodyPruning":true},"request":{"method":"POST","header":[],"body":{"mode":"raw","raw":"{\n    \"resourcesId\": 1,\n    \"fieldId\": \"2\",\n    \"value\": \"10000\",\n    \"countId\": \"101\"\n}","options":{"raw":{"language":"json"}}},"url":{"raw":"{{url}}/value","host":["{{url}}"],"path":["value"]}},"response":[]},{"name":"value 批量新增类型字段值","id":"75d58c2c-09b2-4d8e-8649-ce0227d51353","protocolProfileBehavior":{"disableBodyPruning":true},"request":{"method":"POST","header":[],"body":{"mode":"raw","raw":"[\n    {\n        \"resourcesId\": 6,\n        \"fieldId\": \"2\",\n        \"value\": \"991\",\n        \"countId\": \"101\"\n    },\n    {\n        \"resourcesId\": 6,\n        \"fieldId\": \"3\",\n        \"value\": \"992\",\n        \"countId\": \"102\"\n    }\n]","options":{"raw":{"language":"json"}}},"url":{"raw":"{{url}}/value/batch","host":["{{url}}"],"path":["value","batch"]}},"response":[]},{"name":"value/{id} 删除类型字段值","id":"aed621f3-20f9-4fb5-a264-07fec12c2f2d","protocolProfileBehavior":{"disableBodyPruning":true},"request":{"method":"DELETE","header":[],"body":{"mode":"raw","raw":"","options":{"raw":{"language":"json"}}},"url":{"raw":"{{url}}/value/6","host":["{{url}}"],"path":["value","6"]}},"response":[]},{"name":"value 修改类型字段值","id":"e7c8bb56-d8a0-4133-a864-314a56c53ef8","protocolProfileBehavior":{"disableBodyPruning":true},"request":{"method":"PUT","header":[],"body":{"mode":"raw","raw":"{\n    \"id\": 1,\n    \"resourcesId\": 1,\n    \"fieldId\": \"2\",\n    \"value\": \"10000\",\n    \"countId\": \"101\"\n}","options":{"raw":{"language":"json"}}},"url":{"raw":"{{url}}/value","host":["{{url}}"],"path":["value"]}},"response":[]},{"name":"value/batch 批量修改类型字段值","id":"ecf2f110-91a9-4e7f-b234-ca08222dd7c5","protocolProfileBehavior":{"disableBodyPruning":true},"request":{"method":"PUT","header":[],"body":{"mode":"raw","raw":"{\n    \"date\": [\n        {\n            \"id\": 5,\n            \"resourcesId\": 1,\n            \"fieldId\": \"2\",\n            \"value\": \"10000\",\n            \"countId\": \"101\"\n        },\n        {\n            \"id\": 6,\n            \"resourcesId\": 1,\n            \"fieldId\": \"3\",\n            \"value\": \"20000\",\n            \"countId\": \"102\"\n        }\n    ]\n}","options":{"raw":{"language":"json"}}},"url":{"raw":"{{url}}/value/batch","host":["{{url}}"],"path":["value","batch"]}},"response":[]},{"name":"value/{id} 查询类型字段值byId","id":"7a2693aa-9d87-4306-b9ce-35f72cf1395c","protocolProfileBehavior":{"disableBodyPruning":true},"request":{"method":"GET","header":[],"body":{"mode":"raw","raw":"","options":{"raw":{"language":"json"}}},"url":{"raw":"{{url}}/value/3","host":["{{url}}"],"path":["value","3"]}},"response":[]},{"name":"value/list/{resourcesId} 查询类型字段值List - byResourcesId","id":"089a3ffd-ca8b-4ca1-9187-db9da5f9977f","protocolProfileBehavior":{"disableBodyPruning":true},"request":{"method":"GET","header":[],"body":{"mode":"raw","raw":"","options":{"raw":{"language":"json"}}},"url":{"raw":"{{url}}/value/list/1","host":["{{url}}"],"path":["value","list","1"]}},"response":[]},{"name":"value/list/comditions 查询类型字段值List","id":"304457e5-0923-4626-97ca-8e30ffc9ccf0","protocolProfileBehavior":{"disableBodyPruning":true},"request":{"method":"GET","header":[],"body":{"mode":"raw","raw":"","options":{"raw":{"language":"json"}}},"url":{"raw":"{{url}}/value/list/conditions?status=0&fieldId=3","host":["{{url}}"],"path":["value","list","conditions"],"query":[{"key":"status","value":"0"},{"key":"fieldId","value":"3"}]}},"response":[]}]}