{"info":{"_postman_id":"c03c91cd-9468-49ae-a73b-59e7906ea69d","name":"blog","schema":"https://schema.getpostman.com/json/collection/v2.1.0/collection.json"},"item":[{"name":"139.196.143.72:8080/api/login 线上后台登录","id":"be677e54-3d9d-4d79-913e-cb719f59d07b","protocolProfileBehavior":{"disableBodyPruning":true},"request":{"method":"GET","header":[],"url":{"raw":"139.196.143.72:8080/api/login?username=tycoding&password=tycoding","host":["139","196","143","72"],"port":"8080","path":["api","login"],"query":[{"key":"username","value":"tycoding"},{"key":"password","value":"tycoding"}]}},"response":[]},{"name":"{{url}}/api/login 后台登录","id":"a4a1a1c2-ecc4-4e0e-ba3c-e489d25fdfd9","protocolProfileBehavior":{"disableBodyPruning":true},"request":{"method":"GET","header":[],"url":{"raw":"{{url}}/api/login?username=tycoding&password=tycoding","host":["{{url}}"],"path":["api","login"],"query":[{"key":"username","value":"tycoding"},{"key":"password","value":"tycoding"}]}},"response":[]},{"name":"{{url}}/api/user/{id} 查询用户ById","id":"8d269ee4-e821-4680-a670-da6be27cd7c7","protocolProfileBehavior":{"disableBodyPruning":true},"request":{"method":"GET","header":[],"url":{"raw":"{{url}}/api/user/1","host":["{{url}}"],"path":["api","user","1"],"query":[{"key":"username","value":"tycoding","disabled":true},{"key":"password","value":"tycoding","disabled":true}]}},"response":[]},{"name":"{{url}}/api/review/{id} 查询内省ById","id":"3e5eba1c-632c-4d74-b71d-a9386788174f","protocolProfileBehavior":{"disableBodyPruning":true},"request":{"method":"GET","header":[],"url":{"raw":"{{url}}/api/review?id=1","host":["{{url}}"],"path":["api","review"],"query":[{"key":"id","value":"1"}]}},"response":[]},{"name":"{{url}}/api/review/lists","id":"e93dc0b0-ecd4-49b4-b14e-edc88df1633f","protocolProfileBehavior":{"disableBodyPruning":true},"request":{"method":"GET","header":[],"url":{"raw":"{{url}}/api/review/lists","host":["{{url}}"],"path":["api","review","lists"]}},"response":[]}]}