{"info":{"_postman_id":"d8bc6701-a304-461e-af4d-4e62465aaab9","name":"知识库 - 行业图谱","schema":"https://schema.getpostman.com/json/collection/v2.1.0/collection.json"},"item":[{"name":"{{url}}/map 新增行业图谱","id":"126d88ee-ddc1-46c8-9baf-3b4724eacef8","protocolProfileBehavior":{"disableBodyPruning":true},"request":{"method":"POST","header":[{"key":"Authorization","value":"{{Authorization}}","type":"text"}],"body":{"mode":"raw","raw":"{\r\n    \"tenantId\": 1,\r\n    \"typeId\": 1,\r\n    \"name\": \"火灾灾害等级评估2\",\r\n    \"performType\":1,\r\n    \"displayCode\": \"a+b\",\r\n    \"executeCode\": \"String str = hello world\",\r\n    \"trainIs\": \"1\",\r\n    \"trainNumber\": 0,\r\n    \"iotParamDTOList\": [\r\n        {\r\n            \"paramType\": \"0\",\r\n            \"paramKey\": \"L\",\r\n            \"paramName\": \"长度度\",\r\n            \"dataType\": \"int\",\r\n            \"colType\": \"0\"\r\n        },\r\n        {\r\n            \"paramType\": \"0\",\r\n            \"paramKey\": \"W\",\r\n            \"paramName\": \"宽度\",\r\n            \"dataType\": \"int\",\r\n            \"colType\": \"0\"\r\n        },\r\n        {\r\n            \"paramType\": \"1\",\r\n            \"paramKey\": \"S\",\r\n            \"paramName\": \"面积\",\r\n            \"dataType\": \"int\",\r\n            \"colType\": \"0\"\r\n        }\r\n    ]\r\n}","options":{"raw":{"language":"json"}}},"url":{"raw":"{{url}}/map","host":["{{url}}"],"path":["map"]}},"response":[]},{"name":"{{url}}/map 删除行业图谱 byId","id":"cabde4bf-47ec-4dc0-b422-4dbe427a963a","protocolProfileBehavior":{"disableBodyPruning":true},"request":{"method":"DELETE","header":[{"key":"Authorization","value":"{{Authorization}}","type":"text"}],"body":{"mode":"raw","raw":"","options":{"raw":{"language":"json"}}},"url":{"raw":"{{url}}/map?id=2","host":["{{url}}"],"path":["map"],"query":[{"key":"id","value":"2"}]}},"response":[]},{"name":"{{url}}/map 修改行业图谱 byId","id":"69f0fab5-5867-4c1d-911a-88c11e1d9d3c","protocolProfileBehavior":{"disableBodyPruning":true},"request":{"method":"PUT","header":[{"key":"Authorization","value":"{{Authorization}}","type":"text"}],"body":{"mode":"raw","raw":"{\r\n    \"id\": 1,\r\n    \"tenantId\": 1,\r\n    \"typeId\": 2,\r\n    \"name\": \"火灾灾害等级评估\",\r\n    \"displayCode\": \"hello world3\",\r\n    \"executeCode\": \"String str = hello world\",\r\n    \"trainIs\": \"1\",\r\n    \"trainNumber\": 0\r\n}","options":{"raw":{"language":"json"}}},"url":{"raw":"{{url}}/map","host":["{{url}}"],"path":["map"]}},"response":[]},{"name":"{{url}}/map 查询行业图谱 byId","id":"e859e27b-466f-4425-ae06-ebb1ac5e8b4a","protocolProfileBehavior":{"disableBodyPruning":true},"request":{"method":"GET","header":[{"key":"Authorization","value":"{{Authorization}}","type":"text"}],"body":{"mode":"raw","raw":"","options":{"raw":{"language":"json"}}},"url":{"raw":"{{url}}/map?id=1","host":["{{url}}"],"path":["map"],"query":[{"key":"id","value":"1"}]}},"response":[]},{"name":"{{url}}/map/detail 查询行业图谱 byId（详情）","id":"01cbc672-b73f-4f18-804c-043fefc39322","protocolProfileBehavior":{"disableBodyPruning":true},"request":{"method":"GET","header":[{"key":"Authorization","value":"{{Authorization}}","type":"text"}],"body":{"mode":"raw","raw":"","options":{"raw":{"language":"json"}}},"url":{"raw":"{{url}}/map/detail?id=1","host":["{{url}}"],"path":["map","detail"],"query":[{"key":"id","value":"1"}]}},"response":[]},{"name":"{{url}}/map/lists 无参查询行业图谱List","id":"e8a2c95c-5e76-4d80-ab48-07abc45d03ec","protocolProfileBehavior":{"disableBodyPruning":true},"request":{"method":"GET","header":[{"key":"Authorization","value":"{{Authorization}}","type":"text"}],"body":{"mode":"raw","raw":"","options":{"raw":{"language":"json"}}},"url":{"raw":"{{url}}/map/lists","host":["{{url}}"],"path":["map","lists"]}},"response":[]},{"name":"{{url}}/map/lists/conditions 条件查询行业图谱List","event":[{"listen":"test","script":{"id":"fcc43b05-3a02-4999-ac41-aa61cdcc65cb","exec":["pm.test(\"Status code is 200\", function () {  \r","    pm.response.to.have.status(200);  \r","});"],"type":"text/javascript"}}],"id":"d944771f-812b-402b-9027-4de777b00642","protocolProfileBehavior":{"disableBodyPruning":true},"request":{"method":"POST","header":[{"key":"Authorization","value":"{{Authorization}}","type":"text"}],"body":{"mode":"raw","raw":"{}","options":{"raw":{"language":"json"}}},"url":{"raw":"{{url}}/map/lists/conditions","host":["{{url}}"],"path":["map","lists","conditions"]}},"response":[]},{"name":"{{url}}/map/page/conditions 分页条件查询行业图谱List","id":"a5ee8ae5-eef0-4c23-9099-4dfbf5e23638","protocolProfileBehavior":{"disableBodyPruning":true},"request":{"method":"GET","header":[{"key":"Authorization","value":"{{Authorization}}","type":"text"}],"body":{"mode":"raw","raw":"","options":{"raw":{"language":"json"}}},"url":{"raw":"{{url}}/map/page/conditions","host":["{{url}}"],"path":["map","page","conditions"]}},"response":[]},{"name":"{{url}}/map/groovy/test 测试脚本功能","id":"791a6a4f-eb53-4de4-9a4d-5b5fbd9116de","protocolProfileBehavior":{"disableBodyPruning":true},"request":{"method":"POST","header":[{"key":"Authorization","value":"{{Authorization}}","type":"text","disabled":true}],"body":{"mode":"raw","raw":"{\r\n    \"params\": \"{\\\"a\\\":\\\"5.00\\\",\\\"b\\\":\\\"13\\\",\\\"c\\\":\\\"27\\\"}\",\r\n    \"code\": \"import com.alibaba.fastjson.JSON; def toDo(vv){ def dd =null; vv = vv.split(\\\";\\\"); String a = vv[0];Map<String,String> map = JSON.parseObject(a);BigDecimal num1 = new BigDecimal(map.get(\\\"a\\\"));BigDecimal num2 = new BigDecimal(map.get(\\\"b\\\"));BigDecimal num3 = new BigDecimal(map.get(\\\"c\\\"));try { result = num1.multiply(num2);dd = result;}catch (Exception e){ dd = 0;}   \\r\\n   return \\\"$dd\\\"; }\"\r\n}","options":{"raw":{"language":"json"}}},"url":{"raw":"{{url}}/map/groovy/test","host":["{{url}}"],"path":["map","groovy","test"]}},"response":[]},{"name":"{{url}}/map/groovy/execute 执行行业图谱计算 No permission","id":"9751518d-3e68-4374-9e02-05be20bb86d5","protocolProfileBehavior":{"disableBodyPruning":true},"request":{"method":"POST","header":[{"key":"Authorization","value":"{{Authorization}}","type":"text","disabled":true}],"body":{"mode":"raw","raw":"{}","options":{"raw":{"language":"json"}}},"url":{"raw":"{{url}}/map/groovy/execute","host":["{{url}}"],"path":["map","groovy","execute"]}},"response":[]},{"name":"{{url}}/test/execute/{topic} 计算引擎 Kafka 测试","id":"e80c0704-4578-4170-975c-a6b2761720ca","protocolProfileBehavior":{"disableBodyPruning":true},"request":{"method":"POST","header":[{"key":"Authorization","value":"{{Authorization}}","type":"text"}],"body":{"mode":"raw","raw":"{\r\n    \"businessId\": 1,\r\n    \"modelInstanceId\": 1,\r\n    \"algorithmType\": \"3\",\r\n    \"algorithmId\": 2,\r\n    \"nodeId\": \"1\",\r\n    \"data\": {\r\n        \"L\": \"100\",\r\n        \"W\": \"9\"\r\n    }\r\n}","options":{"raw":{"language":"json"}}},"url":{"raw":"{{url}}/test/execute/algorithm_data_mq","host":["{{url}}"],"path":["test","execute","algorithm_data_mq"]},"description":"[\r\n    {\r\n        \"paramId\": 6,\r\n        \"paramValue\": 0.6\r\n    },\r\n    {\r\n        \"paramId\": 7,\r\n        \"paramValue\": -0.111\r\n    },\r\n    {\r\n        \"paramId\": 5,\r\n        \"paramValue\": 0.45\r\n    }\r\n]"},"response":[]},{"name":"{{url}}/test/execute/{topic} 计算引擎 Kafka 测试 Python","id":"78667cbb-1cc4-46f5-ad40-6a8f2d9eed27","protocolProfileBehavior":{"disableBodyPruning":true},"request":{"method":"POST","header":[{"key":"Authorization","value":"{{Authorization}}","type":"text"}],"body":{"mode":"raw","raw":"{\r\n    \"businessId\": 1,\r\n    \"modelInstanceId\": 1,\r\n    \"algorithmType\": \"3\",\r\n    \"algorithmId\": 8,\r\n    \"nodeId\": \"1\",\r\n    \"data\": {\r\n        \"L\": \"100\",\r\n        \"W\": \"6\"\r\n    }\r\n}","options":{"raw":{"language":"json"}}},"url":{"raw":"{{url}}/test/execute/algorithm_data_mq_2","host":["{{url}}"],"path":["test","execute","algorithm_data_mq_2"]},"description":"[\r\n    {\r\n        \"paramId\": 6,\r\n        \"paramValue\": 0.6\r\n    },\r\n    {\r\n        \"paramId\": 7,\r\n        \"paramValue\": -0.111\r\n    },\r\n    {\r\n        \"paramId\": 5,\r\n        \"paramValue\": 0.45\r\n    }\r\n]"},"response":[]},{"name":"{{url}}/type 新增行业图谱类型","id":"035527a2-b622-489c-8b87-63cf852926c8","protocolProfileBehavior":{"disableBodyPruning":true},"request":{"method":"POST","header":[{"key":"Authorization","value":"{{Authorization}}","type":"text"}],"body":{"mode":"raw","raw":"{\r\n    \"tenantId\": 1,\r\n    \"name\": \"健身行业\",\r\n    \"description\": \"这是健身行业相关的类型描述\"\r\n}","options":{"raw":{"language":"json"}}},"url":{"raw":"{{url}}/type","host":["{{url}}"],"path":["type"]}},"response":[]},{"name":"{{url}}/type 删除行业图谱类型","id":"9782e0f0-5bc7-43d9-90b6-703a0426100f","protocolProfileBehavior":{"disableBodyPruning":true},"request":{"method":"DELETE","header":[{"key":"Authorization","value":"{{Authorization}}","type":"text"}],"body":{"mode":"raw","raw":"","options":{"raw":{"language":"json"}}},"url":{"raw":"{{url}}/type?id=1","host":["{{url}}"],"path":["type"],"query":[{"key":"id","value":"1","type":"text"}]}},"response":[]},{"name":"{{url}}/type/lists 无参查询行业图谱类型List","id":"c7bf15b3-d3d1-47d2-987b-7518a5059107","protocolProfileBehavior":{"disableBodyPruning":true},"request":{"method":"GET","header":[{"key":"Authorization","value":"{{Authorization}}","type":"text"}],"body":{"mode":"raw","raw":"{\r\n    \"tenantId\": 1,\r\n    \"name\": \"建筑行业\",\r\n    \"description\": \"这是建筑行业相关的类型描述\"\r\n}","options":{"raw":{"language":"json"}}},"url":{"raw":"{{url}}/type/lists","host":["{{url}}"],"path":["type","lists"]}},"response":[]},{"name":"{{url}}/type/lists/conditions 条件查询行业图谱类型List","id":"a4f1066e-d5a5-41da-9869-dd6c86ae12a1","protocolProfileBehavior":{"disableBodyPruning":true},"request":{"method":"POST","header":[{"key":"Authorization","value":"{{Authorization}}","type":"text"}],"body":{"mode":"raw","raw":"{}","options":{"raw":{"language":"json"}}},"url":{"raw":"{{url}}/type/lists/conditions","host":["{{url}}"],"path":["type","lists","conditions"]}},"response":[]},{"name":"{{url}}/type/page/conditions 分页条件查询行业图谱类型List","id":"97b881f6-d140-4601-9245-f68efb63f092","protocolProfileBehavior":{"disableBodyPruning":true},"request":{"method":"GET","header":[{"key":"Authorization","value":"{{Authorization}}","type":"text"}],"body":{"mode":"raw","raw":"","options":{"raw":{"language":"json"}}},"url":{"raw":"{{url}}/type/page/conditions","host":["{{url}}"],"path":["type","page","conditions"]}},"response":[]},{"name":"{{url}}/result 新增行业图谱结果集","id":"d4e4193a-4c89-4cb8-be98-01f4f167ac60","protocolProfileBehavior":{"disableBodyPruning":true},"request":{"method":"POST","header":[{"key":"Authorization","value":"{{Authorization}}","type":"text"}],"body":{"mode":"raw","raw":"{\r\n    \"tenantId\": 1,\r\n    \"templateConfigId\": 1,\r\n    \"industryMapId\": \"2\",\r\n    \"name\": \"xxxx计算结果值\",\r\n    \"inParamJson\": \"import xxx\",\r\n    \"value\": \"8848\",\r\n    \"isCorrection\": \"1\",\r\n    \"identification\": \"1\"\r\n}","options":{"raw":{"language":"json"}}},"url":{"raw":"{{url}}/result","host":["{{url}}"],"path":["result"]}},"response":[]},{"name":"{{url}}/result 删除行业图谱结果集 byId","id":"6dd58248-fd4c-4965-9fe6-1084a06908ea","protocolProfileBehavior":{"disableBodyPruning":true},"request":{"method":"DELETE","header":[{"key":"Authorization","value":"{{Authorization}}","type":"text"}],"body":{"mode":"raw","raw":"","options":{"raw":{"language":"json"}}},"url":{"raw":"{{url}}/result?id=1","host":["{{url}}"],"path":["result"],"query":[{"key":"id","value":"1"}]}},"response":[]},{"name":"{{url}}/result 查询行业图谱结果集 byId","id":"4b089566-d0c7-4179-b1d5-cc5f9aa6a3bb","protocolProfileBehavior":{"disableBodyPruning":true},"request":{"method":"GET","header":[{"key":"Authorization","value":"{{Authorization}}","type":"text"}],"body":{"mode":"raw","raw":"","options":{"raw":{"language":"json"}}},"url":{"raw":"{{url}}/result?id=1","host":["{{url}}"],"path":["result"],"query":[{"key":"id","value":"1"}]}},"response":[]},{"name":"{{url}}/result/detail 查询行业图谱结果集 byId (详情)","id":"47a24191-645b-4795-847c-d78daf754902","protocolProfileBehavior":{"disableBodyPruning":true},"request":{"method":"GET","header":[{"key":"Authorization","value":"{{Authorization}}","type":"text"}],"body":{"mode":"raw","raw":"","options":{"raw":{"language":"json"}}},"url":{"raw":"{{url}}/result/detail?id=1","host":["{{url}}"],"path":["result","detail"],"query":[{"key":"id","value":"1"}]}},"response":[]},{"name":"{{url}}/result/lists/conditions 条件查询行业图谱结果集List","id":"2d6fa330-a56b-4247-b54f-b16519829e48","protocolProfileBehavior":{"disableBodyPruning":true},"request":{"method":"POST","header":[{"key":"Authorization","value":"{{Authorization}}","type":"text"}],"body":{"mode":"raw","raw":"{}","options":{"raw":{"language":"json"}}},"url":{"raw":"{{url}}/result/lists/conditions","host":["{{url}}"],"path":["result","lists","conditions"]}},"response":[]},{"name":"{{url}}/result/page/conditions 分页条件查询行业图谱结果集List","id":"538975d9-80b8-4acd-ab1a-6b9752adc287","protocolProfileBehavior":{"disableBodyPruning":true},"request":{"method":"GET","header":[{"key":"Authorization","value":"{{Authorization}}","type":"text"}],"body":{"mode":"raw","raw":"","options":{"raw":{"language":"json"}}},"url":{"raw":"{{url}}/result/page/conditions","host":["{{url}}"],"path":["result","page","conditions"]}},"response":[]},{"name":"{{url}}/param 新增行业图谱参数","id":"604f01cf-77b3-4662-bff2-b68d7c327ed2","protocolProfileBehavior":{"disableBodyPruning":true},"request":{"method":"POST","header":[{"key":"Authorization","value":"{{Authorization}}","type":"text"}],"body":{"mode":"raw","raw":"{\r\n    \"industryMapId\": \"1\",\r\n    \"paramType\": \"0\",\r\n    \"paramKey\": \"H\",\r\n    \"paramName\": \"高度\",\r\n    \"dataType\": \"int\",\r\n    \"colType\": \"0\"\r\n}","options":{"raw":{"language":"json"}}},"url":{"raw":"{{url}}/param","host":["{{url}}"],"path":["param"]}},"response":[]},{"name":"{{url}}/param 删除行业图谱参数 byId","id":"ef4e980c-606e-4748-9b61-fa323e827c6a","protocolProfileBehavior":{"disableBodyPruning":true},"request":{"method":"DELETE","header":[{"key":"Authorization","value":"{{Authorization}}","type":"text"}],"body":{"mode":"raw","raw":"","options":{"raw":{"language":"json"}}},"url":{"raw":"{{url}}/param?id=1","host":["{{url}}"],"path":["param"],"query":[{"key":"id","value":"1","type":"text"}]}},"response":[]},{"name":"{{url}}/param 查询行业图谱参数 byId","id":"0206e249-aaef-4595-8f05-2db18e4518ea","protocolProfileBehavior":{"disableBodyPruning":true},"request":{"method":"GET","header":[{"key":"Authorization","value":"{{Authorization}}","type":"text"}],"body":{"mode":"raw","raw":"","options":{"raw":{"language":"json"}}},"url":{"raw":"{{url}}/param?id=1","host":["{{url}}"],"path":["param"],"query":[{"key":"id","value":"1"}]}},"response":[]},{"name":"{{url}}/param/detail 查询行业图谱参数详情 byId","id":"a4084a97-f82b-416c-9d19-5906c143c803","protocolProfileBehavior":{"disableBodyPruning":true},"request":{"method":"GET","header":[{"key":"Authorization","value":"{{Authorization}}","type":"text","disabled":true}],"body":{"mode":"raw","raw":"","options":{"raw":{"language":"json"}}},"url":{"raw":"{{url}}/param/detail?id=2","host":["{{url}}"],"path":["param","detail"],"query":[{"key":"id","value":"2"}]}},"response":[]},{"name":"{{url}}/param/lists 无参查询行业图谱参数","id":"ebb98394-08e5-4039-a9e5-95659377141a","protocolProfileBehavior":{"disableBodyPruning":true},"request":{"method":"GET","header":[{"key":"Authorization","value":"{{Authorization}}","type":"text"}],"body":{"mode":"raw","raw":"","options":{"raw":{"language":"json"}}},"url":{"raw":"{{url}}/param/lists","host":["{{url}}"],"path":["param","lists"]}},"response":[]},{"name":"{{url}}/param/lists/conditions 条件查询行业图谱参数","id":"0f27e7c5-447c-484a-ac26-7d9fa9bf90c2","protocolProfileBehavior":{"disableBodyPruning":true},"request":{"method":"POST","header":[{"key":"Authorization","value":"{{Authorization}}","type":"text"}],"body":{"mode":"raw","raw":"{}","options":{"raw":{"language":"json"}}},"url":{"raw":"{{url}}/param/lists/conditions","host":["{{url}}"],"path":["param","lists","conditions"]}},"response":[]},{"name":"{{url}}/param/page/conditions 分页条件查询行业图谱参数","id":"9035b03b-0a7f-48ef-a926-57b916d7d99d","protocolProfileBehavior":{"disableBodyPruning":true},"request":{"method":"GET","header":[{"key":"Authorization","value":"{{Authorization}}","type":"text"}],"body":{"mode":"raw","raw":"","options":{"raw":{"language":"json"}}},"url":{"raw":"{{url}}/param/page/conditions","host":["{{url}}"],"path":["param","page","conditions"]}},"response":[]}],"event":[{"listen":"prerequest","script":{"id":"eddb4e1a-4bec-4796-a59b-21a7c956c9e0","type":"text/javascript","exec":[""]}},{"listen":"test","script":{"id":"a84d8cda-50ae-4d73-91ad-3989ec198357","type":"text/javascript","exec":[""]}}],"variable":[{"id":"829a49a9-98c7-4222-b152-8f2cfd348009","key":"variable_key","value":""}]}