{"info":{"_postman_id":"e132dd55-9680-4788-9a5e-260fcf25b0ac","name":"黄金口 - 资源管理","schema":"https://schema.getpostman.com/json/collection/v2.1.0/collection.json"},"item":[{"name":"192.168.1.174:9998/auth/oauth/token 登录(黄金口）","id":"ae4de556-38d0-4148-ae4e-993ed6e82804","protocolProfileBehavior":{"disableBodyPruning":true},"request":{"method":"POST","header":[{"key":"Content-Type","name":"Content-Type","type":"text","value":"application/x-www-form-urlencoded"},{"key":"Authorization","type":"text","value":"Basic dGVzdDp0ZXN0"}],"body":{"mode":"urlencoded","urlencoded":[{"key":"username","type":"text","value":"admin"},{"key":"password","type":"text","value":"123456"},{"key":"grant_type","type":"text","value":"password"}]},"url":{"raw":"192.168.1.174:9998/auth/oauth/token","host":["192","168","1","174"],"port":"9998","path":["auth","oauth","token"]}},"response":[]},{"name":"resources 新增资源信息 （gold-直接使用）","id":"586ce20c-cddb-4783-86bf-1ea0b4bd8b96","protocolProfileBehavior":{"disableBodyPruning":true},"request":{"method":"POST","header":[{"key":"Authorization","value":"{{Authorization}}","type":"text"}],"body":{"mode":"raw","raw":"{\n    \"tenantId\": 1,\n    \"structureId\": 80,\n    \"typeId\": 2,\n    \"name\": \"3层\",\n    \"picture\": \"[[pic01],[pic02]]\",\n    \"area\": \"99.8\",\n    \"type\": \"0\",\n    \"phone\": 18162319097,\n    \"introduction\": \"这是一件于2020.04.02添加的房源\",\n    \"houseType\": \"两室一厅\",\n    \"galleryful\": 5,\n    \"labelId\": [\n        1,\n        2,\n        3\n    ],\n    \"facilitiesId\": [\n        1,\n        2\n    ]\n}","options":{"raw":{"language":"json"}}},"url":{"raw":"{{url}}/resources","host":["{{url}}"],"path":["resources"]}},"response":[]},{"name":"resources/{id} 删除资源","id":"9c8f2878-e16d-4695-97bd-938aa606e270","protocolProfileBehavior":{"disableBodyPruning":true},"request":{"method":"DELETE","header":[{"key":"Authorization","value":"{{Authorization}}","type":"text"}],"body":{"mode":"raw","raw":"","options":{"raw":{"language":"json"}}},"url":{"raw":"{{url}}/resources/2","host":["{{url}}"],"path":["resources","2"]}},"response":[]},{"name":"resources 修改资源信息byId","id":"c03fff5f-f747-4833-94ba-dbde603369d8","protocolProfileBehavior":{"disableBodyPruning":true},"request":{"method":"PUT","header":[{"key":"Authorization","value":"{{Authorization}}","type":"text"}],"body":{"mode":"raw","raw":"{\n    \"id\": 1,\n    \"tenantId\": 1,\n    \"structureId\": 40,\n    \"accountId\": 10086,\n    \"typeId\": 2,\n    \"name\": \"青年公寓\",\n    \"facilitiesId\": [\n        3,\n        4,\n        5\n    ],\n    \"labelId\": [\n        1,\n        2,\n        3,\n        4\n    ],\n    \"picture\": \"[[pic01],[pic02]]\",\n    \"cashPledge\": \"500\",\n    \"houseType\": \"两室一厅\",\n    \"area\": \"\",\n    \"introduction\": \"这是一件于2020.04.02添加的房源\",\n    \"mapLocation\": \"\"\n}","options":{"raw":{"language":"json"}}},"url":{"raw":"{{url}}/resources","host":["{{url}}"],"path":["resources"]}},"response":[]},{"name":"resources/status 修改资源状态","id":"8e153e27-1089-440c-adbc-58c8a2882751","protocolProfileBehavior":{"disableBodyPruning":true},"request":{"method":"PUT","header":[{"key":"Authorization","value":"{{Authorization}}","type":"text"}],"body":{"mode":"raw","raw":"{\n    \"id\": 41,\n    \"status\": \"9\"\n}","options":{"raw":{"language":"json"}}},"url":{"raw":"{{url}}/resources/status","host":["{{url}}"],"path":["resources","status"]}},"response":[]},{"name":"resources/relation 修改资源关联关系","id":"b47854c7-3f9e-422f-98d2-98076ec64fd9","protocolProfileBehavior":{"disableBodyPruning":true},"request":{"method":"PUT","header":[{"key":"Authorization","value":"{{Authorization}}","type":"text"}],"body":{"mode":"raw","raw":"{\n    \"id\": 41,\n    \"parentId\": 52,\n    \"childId\": 77\n}","options":{"raw":{"language":"json"}}},"url":{"raw":"{{url}}/resources/relation","host":["{{url}}"],"path":["resources","relation"]}},"response":[]},{"name":"resources/{id} 查询资源详情byId","id":"3564ea54-bf64-4549-9359-71e7317d8dfc","protocolProfileBehavior":{"disableBodyPruning":true},"request":{"method":"GET","header":[{"key":"Authorization","value":"{{Authorization}}","type":"text"}],"url":{"raw":"{{url}}/resources/33","host":["{{url}}"],"path":["resources","33"]}},"response":[]},{"name":"resources/detail/{id} 查询资源详情（数据整合）byId","id":"9b064270-5ba5-42a8-8d53-6e6b086a0020","protocolProfileBehavior":{"disableBodyPruning":true},"request":{"method":"GET","header":[{"key":"Authorization","value":"{{Authorization}}","type":"text"}],"url":{"raw":"{{url}}/resources/detail/33","host":["{{url}}"],"path":["resources","detail","33"]}},"response":[]},{"name":"resources/list 房源信息List查询","id":"ad4c4a4a-718f-4487-b4bd-f9d1448e80db","protocolProfileBehavior":{"disableBodyPruning":true},"request":{"method":"GET","header":[{"key":"Authorization","value":"{{Authorization}}","type":"text"}],"body":{"mode":"raw","raw":"","options":{"raw":{"language":"json"}}},"url":{"raw":"{{url}}/resources/list","host":["{{url}}"],"path":["resources","list"],"query":[{"key":"status","value":null,"type":"text","disabled":true},{"key":"type_id","value":"2","type":"text","disabled":true}]}},"response":[]},{"name":"resources/list/conditions 房源信息条件查询","event":[{"listen":"test","script":{"id":"25ecb5c4-775e-4940-b769-3db8db306c2a","exec":[""],"type":"text/javascript"}}],"id":"935b7dde-e9e8-4b66-937b-6c9ac250c7c6","protocolProfileBehavior":{"disableBodyPruning":true},"request":{"method":"POST","header":[{"key":"Authorization","type":"text","value":"{{Authorization}}"}],"body":{"mode":"raw","raw":"{\r\n    \"status\": 8,\r\n    \"typeId\":1\r\n}","options":{"raw":{"language":"json"}}},"url":{"raw":"{{url}}/resources/list/conditions","host":["{{url}}"],"path":["resources","list","conditions"]}},"response":[]},{"name":"resources/page/conditions 房源信息分页查询","id":"92dbca48-f925-4cf6-b9e5-10ccc5747198","protocolProfileBehavior":{"disableBodyPruning":true},"request":{"method":"GET","header":[{"key":"Authorization","type":"text","value":"{{Authorization}}"}],"body":{"mode":"raw","raw":"","options":{"raw":{"language":"json"}}},"url":{"raw":"{{url}}/resources/page/conditions?current=1&size=10","host":["{{url}}"],"path":["resources","page","conditions"],"query":[{"key":"current","value":"1"},{"key":"size","value":"10"},{"key":"structureIdentity","value":"7","disabled":true},{"key":"name","value":"青年公寓","disabled":true},{"key":"typeId","value":"1","disabled":true},{"key":"status","value":"0","disabled":true}]}},"response":[]},{"name":"resources/list/label-id 根据标签List<id>查询资源集合","id":"73298ad2-4403-4588-93fa-6cb1d720abcb","protocolProfileBehavior":{"disableBodyPruning":true},"request":{"method":"POST","header":[{"key":"Authorization","type":"text","value":"{{Authorization}}","disabled":true}],"body":{"mode":"raw","raw":"{\r\n    \"labelId\": [\r\n        4\r\n    ]\r\n}","options":{"raw":{"language":"json"}}},"url":{"raw":"{{url}}/resources/list/label-id","host":["{{url}}"],"path":["resources","list","label-id"]}},"response":[]},{"name":"resources/page/label-id 根据标签List<id>分页查询资源集合 - 存在异常","id":"9ae3ea7d-ce9f-477d-8049-e02e1bc0a1a5","protocolProfileBehavior":{"disableBodyPruning":true},"request":{"method":"POST","header":[{"key":"Authorization","type":"text","value":"{{Authorization}}"}],"body":{"mode":"raw","raw":"","options":{"raw":{"language":"json"}}},"url":{"raw":"{{url}}/resources/page/label-id?current=1&size=20&labelIdList=4,5&name=湖景公寓","host":["{{url}}"],"path":["resources","page","label-id"],"query":[{"key":"current","value":"1"},{"key":"size","value":"20"},{"key":"labelIdList","value":"4,5"},{"key":"name","value":"湖景公寓"},{"key":"typeId","type":"text","value":"2","disabled":true}]}},"response":[]},{"name":"resources/structure-id 通过租户idList查询资产结构idList集合","id":"9f007c79-a115-45ab-ae4e-e67dac583647","protocolProfileBehavior":{"disableBodyPruning":true},"request":{"method":"POST","header":[{"key":"Authorization","type":"text","value":"{{Authorization}}"}],"body":{"mode":"raw","raw":"{\r\n    \"tenantIdList\": [\r\n        121,\r\n        122,\r\n        147,\r\n        152,\r\n        153,\r\n        154,\r\n        155,\r\n        156,\r\n        161,\r\n        162,\r\n        163,\r\n        164,\r\n        165,\r\n        166,\r\n        167,\r\n        168,\r\n        169,\r\n        170,\r\n        171,\r\n        172\r\n    ]\r\n}","options":{"raw":{"language":"json"}}},"url":{"raw":"{{url}}/resources/structure-id","host":["{{url}}"],"path":["resources","structure-id"]},"description":"121,\r\n        122,\r\n        147,"},"response":[]},{"name":"resources/profile 资源中心资源概览 - ResourceProfileVO","id":"dc1a0172-3b62-403a-9fcf-7fff35f02d0a","protocolProfileBehavior":{"disableBodyPruning":true},"request":{"method":"GET","header":[{"key":"Authorization","type":"text","value":"{{Authorization}}"}],"body":{"mode":"raw","raw":"","options":{"raw":{"language":"json"}}},"url":{"raw":"{{url}}/resources/profile","host":["{{url}}"],"path":["resources","profile"]}},"response":[]},{"name":"resources/profile/map 资源中心资源一张图 - ResourceMapVO","id":"8a92afa8-40fb-4a3c-980a-591fdecf8190","protocolProfileBehavior":{"disableBodyPruning":true},"request":{"method":"GET","header":[{"key":"Authorization","type":"text","value":"{{Authorization}}","disabled":true}],"body":{"mode":"raw","raw":"","options":{"raw":{"language":"json"}}},"url":{"raw":"{{url}}/resources/profile/map?tenantId=1","host":["{{url}}"],"path":["resources","profile","map"],"query":[{"key":"tenantId","value":"1"}]}},"response":[]},{"name":"---------------------------------type------------------------------------","id":"69d07fcf-48a6-43ae-9c4d-2c6233229772","protocolProfileBehavior":{"disableBodyPruning":true},"request":{"method":"GET","header":[],"url":{"raw":""}},"response":[]},{"name":"type 新增资源类型","id":"7a0852ce-f357-49d7-b684-11b1cd691200","protocolProfileBehavior":{"disableBodyPruning":true},"request":{"method":"POST","header":[{"key":"Authorization","value":"{{Authorization}}","type":"text"}],"body":{"mode":"raw","raw":"{\n    \"name\": \"瑜伽室\",\n    \"type\":\"0\"\n}","options":{"raw":{"language":"json"}}},"url":{"raw":"{{url}}/type","host":["{{url}}"],"path":["type"]}},"response":[]},{"name":"type/{id} 删除资源类型","id":"fefcf5a0-d476-4ed2-9d8f-5a9d965e0b74","protocolProfileBehavior":{"disableBodyPruning":true},"request":{"method":"DELETE","header":[{"key":"Authorization","value":"{{Authorization}}","type":"text"}],"body":{"mode":"raw","raw":"","options":{"raw":{"language":"json"}}},"url":{"raw":"{{url}}/type/1?Authorization={{Authorization}}","host":["{{url}}"],"path":["type","1"],"query":[{"key":"Authorization","value":"{{Authorization}}"}]}},"response":[]},{"name":"type 修改资源类型byId","id":"95e4e06e-166c-4d80-86b8-8bbff9914b6c","protocolProfileBehavior":{"disableBodyPruning":true},"request":{"method":"PUT","header":[{"key":"Authorization","value":"{{Authorization}}","type":"text"}],"body":{"mode":"raw","raw":"{\n    \"id\": \"8\",\n    \"name\": \"健身室2\",\n    \"attribute\": \"1\"\n}","options":{"raw":{"language":"json"}}},"url":{"raw":"{{url}}/type","host":["{{url}}"],"path":["type"]}},"response":[]},{"name":"type/{id} 查询源类型byId","id":"d3fc4fa4-65c9-48a2-8550-b13767e0d1ef","protocolProfileBehavior":{"disableBodyPruning":true},"request":{"method":"GET","header":[{"key":"Authorization","value":"{{Authorization}}","type":"text"}],"body":{"mode":"raw","raw":"","options":{"raw":{"language":"json"}}},"url":{"raw":"{{url}}/type/5","host":["{{url}}"],"path":["type","5"]}},"response":[]},{"name":"type/list 查询资源类型list","id":"c905ec2d-d314-4c8a-b792-e8995ddcd867","protocolProfileBehavior":{"disableBodyPruning":true},"request":{"method":"GET","header":[{"key":"Authorization","value":"{{Authorization}}","type":"text"}],"body":{"mode":"raw","raw":"","options":{"raw":{"language":"json"}}},"url":{"raw":"{{url}}/type/list","host":["{{url}}"],"path":["type","list"]}},"response":[]},{"name":"type/list/conditions 条件查询资源类型list","id":"438a69cf-b30d-4a5b-99e7-69b7988548a6","protocolProfileBehavior":{"disableBodyPruning":true},"request":{"method":"GET","header":[{"key":"Authorization","value":"{{Authorization}}","type":"text"}],"body":{"mode":"raw","raw":"","options":{"raw":{"language":"json"}}},"url":{"raw":"{{url}}/type/list/conditions","host":["{{url}}"],"path":["type","list","conditions"],"query":[{"key":"type","value":"1","disabled":true}]}},"response":[]},{"name":"type/page/conditions 条件查询资源类型Page","id":"ea6e322e-21a5-44de-8465-df5a26091577","protocolProfileBehavior":{"disableBodyPruning":true},"request":{"method":"GET","header":[{"key":"Authorization","value":"{{Authorization}}","type":"text"}],"body":{"mode":"raw","raw":"","options":{"raw":{"language":"json"}}},"url":{"raw":"{{url}}/type/page/conditions?status=0","host":["{{url}}"],"path":["type","page","conditions"],"query":[{"key":"status","value":"0"},{"key":"name","value":"客","disabled":true}]}},"response":[]},{"name":"---------------------------------facilities------------------------------------","id":"75c51c43-d2d0-4c0f-af39-270a6c3d102f","protocolProfileBehavior":{"disableBodyPruning":true},"request":{"method":"GET","header":[],"url":{"raw":""}},"response":[]},{"name":"facilities 新增设施设备","id":"f2f6906a-ede2-4a63-87b0-9f4b9b338b4c","protocolProfileBehavior":{"disableBodyPruning":true},"request":{"method":"POST","header":[{"key":"Authorization","value":"{{Authorization}}","type":"text"}],"body":{"mode":"raw","raw":"{\n    \"tenantId\": \"2\",\n    \"typeId\": \"3\",\n    \"name\": \"扫地机器人T30\",\n    \"price\":200000.223\n}","options":{"raw":{"language":"json"}}},"url":{"raw":"{{url}}/facilities","host":["{{url}}"],"path":["facilities"]}},"response":[]},{"name":"facilities/{id} 删除设施设备byId","id":"5116a3cc-91d2-461b-bdd0-71d83dfcaf4f","protocolProfileBehavior":{"disableBodyPruning":true},"request":{"method":"DELETE","header":[{"key":"Authorization","value":"{{Authorization}}","type":"text"}],"body":{"mode":"raw","raw":"","options":{"raw":{"language":"json"}}},"url":{"raw":"{{url}}/facilities/6","host":["{{url}}"],"path":["facilities","6"]}},"response":[]},{"name":"facilities 修改设施设备","id":"195580d6-557d-4f86-9b10-827ea2047f9f","protocolProfileBehavior":{"disableBodyPruning":true},"request":{"method":"PUT","header":[{"key":"Authorization","value":"{{Authorization}}","type":"text"}],"body":{"mode":"raw","raw":"{\n    \"id\": \"10\",\n    \"name\": \"冰箱XXI\",\n    \"type\": \"2\"\n}","options":{"raw":{"language":"json"}}},"url":{"raw":"{{url}}/facilities","host":["{{url}}"],"path":["facilities"]}},"response":[]},{"name":"facilities/status 修改设施设备状态","id":"88ca0e9b-991d-45f8-b12a-27908253adce","protocolProfileBehavior":{"disableBodyPruning":true},"request":{"method":"PUT","header":[{"key":"Authorization","value":"{{Authorization}}","type":"text"}],"body":{"mode":"raw","raw":"{\n    \"id\": \"10\",\n    \"status\": \"9\"\n}","options":{"raw":{"language":"json"}}},"url":{"raw":"{{url}}/facilities/status","host":["{{url}}"],"path":["facilities","status"]}},"response":[]},{"name":"facilities/{id} 查询设施设备byId","id":"c4765093-af50-4aa4-b3ec-4527fcc9bc2e","protocolProfileBehavior":{"disableBodyPruning":true},"request":{"method":"GET","header":[{"key":"Authorization","value":"{{Authorization}}","type":"text"}],"body":{"mode":"raw","raw":"","options":{"raw":{"language":"json"}}},"url":{"raw":"{{url}}/facilities/8","host":["{{url}}"],"path":["facilities","8"]}},"response":[]},{"name":"facilities/list 查询设施设备List","id":"21003057-8fe1-45c1-8327-f1fe8d12c967","protocolProfileBehavior":{"disableBodyPruning":true},"request":{"method":"GET","header":[{"key":"Authorization","value":"{{Authorization}}","type":"text"}],"body":{"mode":"raw","raw":"","options":{"raw":{"language":"json"}}},"url":{"raw":"{{url}}/facilities/list","host":["{{url}}"],"path":["facilities","list"]}},"response":[]},{"name":"facilities/list/conditions 根据条件查询资源设备List","id":"1acc5d5b-4045-45d2-af15-e8f83e29220e","protocolProfileBehavior":{"disableBodyPruning":true},"request":{"method":"GET","header":[{"key":"Authorization","value":"{{Authorization}}","type":"text"}],"body":{"mode":"raw","raw":"{\r\n    \"typeId\": 1\r\n}","options":{"raw":{"language":"json"}}},"url":{"raw":"{{url}}/facilities/list/conditions","host":["{{url}}"],"path":["facilities","list","conditions"],"query":[{"key":"typeId","value":"2","disabled":true},{"key":"status","type":"text","value":null,"disabled":true}]}},"response":[]},{"name":"facilities/page/conditions 根据条件查询资源设备Page","id":"c2035831-84c6-4b7e-b122-f9d55260f508","protocolProfileBehavior":{"disableBodyPruning":true},"request":{"method":"GET","header":[{"key":"Authorization","value":"{{Authorization}}","type":"text"}],"body":{"mode":"raw","raw":"","options":{"raw":{"language":"json"}}},"url":{"raw":"{{url}}/facilities/page/conditions?name=扫地机器","host":["{{url}}"],"path":["facilities","page","conditions"],"query":[{"key":"name","value":"扫地机器"},{"key":"typeId","value":"3","type":"text","disabled":true},{"key":"status","value":"1","disabled":true}]}},"response":[]},{"name":"facilities/list/has-used 查询已被使用的设备设施列表","id":"463b37dd-6efb-45b4-bb69-63a28b2fb2f5","protocolProfileBehavior":{"disableBodyPruning":true},"request":{"method":"GET","header":[{"key":"Authorization","value":"{{Authorization}}","type":"text"}],"url":{"raw":"{{url}}/facilities/list/has-used","host":["{{url}}"],"path":["facilities","list","has-used"],"query":[{"key":"status","type":"text","value":null,"disabled":true}]}},"response":[]},{"name":"facilities/list/has-unused 查询未被使用的设备设施列表","id":"58db01f1-dbbf-41e7-848f-e418320b7348","protocolProfileBehavior":{"disableBodyPruning":true},"request":{"method":"GET","header":[{"key":"Authorization","value":"{{Authorization}}","type":"text"}],"url":{"raw":"{{url}}/facilities/list/has-unused","host":["{{url}}"],"path":["facilities","list","has-unused"],"query":[{"key":"status","type":"text","value":null,"disabled":true}]}},"response":[]},{"name":"---------------------------------label------------------------------------","id":"db94253d-6840-47a9-bf65-6b98c77027c7","protocolProfileBehavior":{"disableBodyPruning":true},"request":{"method":"GET","header":[],"url":{"raw":""}},"response":[]},{"name":"label 新增资源标签","id":"2469dd22-a645-42a5-a584-763f33503e7f","protocolProfileBehavior":{"disableBodyPruning":true},"request":{"method":"POST","header":[{"key":"Authorization","value":"{{Authorization}}","type":"text","disabled":true}],"body":{"mode":"raw","raw":"{\n    \"typeId\": \"3\",\n    \"name\": \"中层魅族\"\n}","options":{"raw":{"language":"json"}}},"url":{"raw":"{{url}}/label","host":["{{url}}"],"path":["label"]}},"response":[]},{"name":"label/{id} 删除资源标签ById","id":"087ce6ac-7fd6-4d5c-9901-abcfcd282e53","protocolProfileBehavior":{"disableBodyPruning":true},"request":{"method":"DELETE","header":[],"body":{"mode":"raw","raw":"","options":{"raw":{"language":"json"}}},"url":{"raw":"{{url}}/label/2?Authorization={{Authorization}}","host":["{{url}}"],"path":["label","2"],"query":[{"key":"Authorization","value":"{{Authorization}}","type":"text"}]}},"response":[]},{"name":"label 修改资源标签","id":"6c2d7782-aff6-4c7a-87e8-a989c9561f8a","protocolProfileBehavior":{"disableBodyPruning":true},"request":{"method":"PUT","header":[{"key":"Authorization","value":"{{Authorization}}","type":"text"}],"body":{"mode":"raw","raw":"{\r\n    \"id\": 3,\r\n    \"typeId\": \"1\",\r\n    \"name\": \"大阳台\"\r\n}","options":{"raw":{"language":"json"}}},"url":{"raw":"{{url}}/label","host":["{{url}}"],"path":["label"]}},"response":[]},{"name":"label/{id} 查询资源标签ById","id":"eff94c01-9c4c-456f-aed0-6a25aabfe4d1","protocolProfileBehavior":{"disableBodyPruning":true},"request":{"method":"GET","header":[{"key":"Authorization","value":"{{Authorization}}","type":"text"}],"body":{"mode":"raw","raw":"","options":{"raw":{"language":"json"}}},"url":{"raw":"{{url}}/label/2","host":["{{url}}"],"path":["label","2"]}},"response":[]},{"name":"label/list 条件查询资源标签List","id":"165c5f37-23b0-449d-bcc4-2479467f947c","protocolProfileBehavior":{"disableBodyPruning":true},"request":{"method":"GET","header":[{"key":"Authorization","value":"{{Authorization}}","type":"text"}],"body":{"mode":"raw","raw":"","options":{"raw":{"language":"json"}}},"url":{"raw":"{{url}}/label/list","host":["{{url}}"],"path":["label","list"],"query":[{"key":"typeId","value":"1","disabled":true}]}},"response":[]},{"name":"label/page 条件查询资源标签Page","id":"fcca6800-1e42-4f2b-8f6a-baa787026ab3","protocolProfileBehavior":{"disableBodyPruning":true},"request":{"method":"GET","header":[{"key":"Authorization","value":"{{Authorization}}","type":"text"}],"body":{"mode":"raw","raw":"","options":{"raw":{"language":"json"}}},"url":{"raw":"{{url}}/label/page","host":["{{url}}"],"path":["label","page"],"query":[{"key":"typeId","value":"1","disabled":true},{"key":"status","type":"text","value":"1","disabled":true},{"key":"name","value":"客户","type":"text","disabled":true}]}},"response":[]},{"name":"---------------------------------Portal------------------------------------","id":"87ab2f86-e760-44d4-ba66-571193807eb3","protocolProfileBehavior":{"disableBodyPruning":true},"request":{"method":"GET","header":[],"url":{"raw":""}},"response":[]},{"name":"portal/detail/{id} 根据id查询(门户)资源详情","id":"d27858b4-f780-4e17-b9bc-9a13dedd3ee6","protocolProfileBehavior":{"disableBodyPruning":true},"request":{"method":"GET","header":[],"url":{"raw":"{{url}}/portal/detail?id=13","host":["{{url}}"],"path":["portal","detail"],"query":[{"key":"id","value":"13"}]}},"response":[]},{"name":"portal/page/conditions 根据条件分页查询(门户)资源信息","id":"04e92533-2c9c-43b0-8f87-99d74085ee03","protocolProfileBehavior":{"disableBodyPruning":true},"request":{"method":"GET","header":[],"body":{"mode":"raw","raw":"","options":{"raw":{"language":"json"}}},"url":{"raw":"{{url}}/portal/page/conditions","host":["{{url}}"],"path":["portal","page","conditions"],"query":[{"key":"current","value":"1","disabled":true},{"key":"size","value":"10","disabled":true},{"key":"structureIdentity","value":"7","disabled":true},{"key":"name","value":"青年公寓","disabled":true},{"key":"typeId","value":"1","disabled":true},{"key":"status","value":"0","disabled":true},{"key":"labelIdList","value":"24","disabled":true}]}},"response":[]},{"name":"portal/map (门户)资源中心资源一张图","id":"dbad9826-fb31-4b31-ad79-eee739afb968","protocolProfileBehavior":{"disableBodyPruning":true},"request":{"method":"GET","header":[],"body":{"mode":"raw","raw":"","options":{"raw":{"language":"json"}}},"url":{"raw":"{{url}}/portal/map?tenantId=1","host":["{{url}}"],"path":["portal","map"],"query":[{"key":"tenantId","value":"1","type":"text"}]}},"response":[]}]}